,Scenario,Ordering,priority,prolog_priority
0,"{'right': 'empty', 'down': 'white_car_turn_left', 'left': 'green_car_straight', 'up': 'crosswalk', 'priority_ruling': 'none_no'}","[['white', 'crosswalk'], ['green']]",[0 1 0 1],"[[0, 4, 2, 3, 1], [0, 1, 3, 4, 2], [0, 2, 4, 1, 3], [0, 3, 1, 2, 4]]"
1,"{'right': 'crosswalk', 'down': 'red_car_turn_left', 'left': 'green_car_turn_left', 'up': 'white_car_straight', 'priority_ruling': 'stop_vertical'}","[['green', 'crosswalk'], ['white'], ['red']]",[1 0 1 0],"[[1, 3, 1, 2, 1], [2, 1, 2, 3, 1], [1, 1, 3, 1, 2], [2, 2, 1, 1, 3]]"
2,"{'right': 'empty', 'down': 'empty', 'left': 'green_car_turn_left', 'up': 'red_car_turn_right', 'priority_ruling': 'triangles_vertical'}","[['green', 'red']]",[0 0 1 1],"[[1, 4, 1, 0, 4], [2, 4, 0, 4, 1], [1, 1, 4, 4, 0], [2, 0, 4, 1, 4]]"
3,"{'right': 'white_car_turn_left', 'down': 'empty', 'left': 'red_car_turn_left', 'up': 'empty', 'priority_ruling': 'stop_horizontal'}","[['white', 'red']]",[1 0 1 0],"[[2, 1, 1, 4, 4], [1, 4, 4, 1, 1], [2, 1, 1, 4, 4], [1, 4, 4, 1, 1]]"
4,"{'right': 'white_car_turn_right', 'down': 'red_car_straight', 'left': 'green_car_turn_left', 'up': 'crosswalk', 'priority_ruling': 'triangles_horizontal'}","[['crosswalk'], ['red'], ['white'], ['green']]",[0 0 0 1],"[[2, 0, 1, 3, 2], [1, 2, 3, 0, 1], [2, 1, 0, 2, 3], [1, 3, 2, 1, 0]]"
5,"{'right': 'red_car_straight', 'down': 'green_car_straight', 'left': 'empty', 'up': 'white_car_straight', 'priority_ruling': 'none_no'}","[['white'], ['red'], ['green']]",[0 0 0 1],"[[0, 2, 4, 2, 2], [0, 2, 2, 2, 4], [0, 4, 2, 2, 2], [0, 2, 2, 4, 2]]"
6,"{'right': 'crosswalk', 'down': 'green_car_turn_left', 'left': 'red_car_turn_right', 'up': 'empty', 'priority_ruling': 'none_no'}","[['crosswalk', 'green', 'red']]",[1 1 1 0],"[[0, 3, 0, 4, 1], [0, 1, 4, 3, 0], [0, 0, 3, 1, 4], [0, 4, 1, 0, 3]]"
7,"{'right': 'green_car_straight', 'down': 'crosswalk', 'left': 'white_car_turn_left', 'up': 'empty', 'priority_ruling': 'none_no'}","[['green', 'crosswalk'], ['white']]",[1 1 0 0],"[[0, 2, 1, 4, 3], [0, 3, 4, 2, 1], [0, 1, 2, 3, 4], [0, 4, 3, 1, 2]]"
8,"{'right': 'red_car_turn_right', 'down': 'white_car_turn_left', 'left': 'empty', 'up': 'green_car_turn_left', 'priority_ruling': 'triangles_vertical'}","[['red', 'green'], ['white']]",[1 0 0 1],"[[1, 0, 4, 1, 1], [2, 1, 1, 0, 4], [1, 4, 0, 1, 1], [2, 1, 1, 4, 0]]"
9,"{'right': 'empty', 'down': 'white_car_straight', 'left': 'crosswalk', 'up': 'red_car_turn_left', 'priority_ruling': 'none_no'}","[['white', 'crosswalk'], ['red']]",[0 1 1 0],"[[0, 4, 3, 1, 2], [0, 2, 1, 4, 3], [0, 3, 4, 2, 1], [0, 1, 2, 3, 4]]"
10,"{'right': 'crosswalk', 'down': 'red_car_turn_right', 'left': 'green_car_turn_right', 'up': 'empty', 'priority_ruling': 'triangles_horizontal'}","[['crosswalk', 'green'], ['red']]",[1 0 1 0],"[[2, 3, 0, 4, 0], [1, 0, 4, 3, 0], [2, 0, 3, 0, 4], [1, 4, 0, 0, 3]]"
11,"{'right': 'empty', 'down': 'empty', 'left': 'white_car_straight', 'up': 'red_car_turn_right', 'priority_ruling': 'stop_horizontal'}","[['white', 'red']]",[0 0 1 1],"[[2, 4, 2, 0, 4], [1, 4, 0, 4, 2], [2, 2, 4, 4, 0], [1, 0, 4, 2, 4]]"
12,"{'right': 'white_car_turn_left', 'down': 'green_car_turn_left', 'left': 'red_car_turn_right', 'up': 'empty', 'priority_ruling': 'stop_horizontal'}","[['green', 'red'], ['white']]",[0 1 1 0],"[[2, 1, 0, 4, 1], [1, 1, 4, 1, 0], [2, 0, 1, 1, 4], [1, 4, 1, 0, 1]]"
13,"{'right': 'white_car_turn_left', 'down': 'crosswalk', 'left': 'green_car_straight', 'up': 'empty', 'priority_ruling': 'stop_vertical'}","[['crosswalk', 'green'], ['white']]",[0 1 1 0],"[[1, 1, 2, 4, 3], [2, 3, 4, 1, 2], [1, 2, 1, 3, 4], [2, 4, 3, 2, 1]]"
14,"{'right': 'empty', 'down': 'empty', 'left': 'crosswalk', 'up': 'green_car_turn_left', 'priority_ruling': 'stop_horizontal'}","[['crosswalk', 'green']]",[0 0 1 1],"[[2, 4, 3, 1, 4], [1, 4, 1, 4, 3], [2, 3, 4, 4, 1], [1, 1, 4, 3, 4]]"
15,"{'right': 'white_car_turn_right', 'down': 'empty', 'left': 'green_car_turn_left', 'up': 'crosswalk', 'priority_ruling': 'stop_horizontal'}","[['crosswalk'], ['white'], ['green']]",[0 0 0 1],"[[2, 0, 1, 3, 4], [1, 4, 3, 0, 1], [2, 1, 0, 4, 3], [1, 3, 4, 1, 0]]"
16,"{'right': 'red_car_straight', 'down': 'empty', 'left': 'green_car_turn_left', 'up': 'white_car_turn_left', 'priority_ruling': 'triangles_vertical'}","[['red'], ['green'], ['white']]",[1 0 0 0],"[[1, 2, 1, 1, 4], [2, 4, 1, 2, 1], [1, 1, 2, 4, 1], [2, 1, 4, 1, 2]]"
17,"{'right': 'empty', 'down': 'white_car_turn_left', 'left': 'empty', 'up': 'green_car_turn_right', 'priority_ruling': 'stop_vertical'}","[['green'], ['white']]",[0 0 0 1],"[[1, 4, 4, 0, 1], [2, 1, 0, 4, 4], [1, 4, 4, 1, 0], [2, 0, 1, 4, 4]]"
18,"{'right': 'crosswalk', 'down': 'empty', 'left': 'green_car_turn_right', 'up': 'white_car_turn_left', 'priority_ruling': 'triangles_vertical'}","[['crosswalk', 'green'], ['white']]",[1 0 1 0],"[[1, 3, 0, 1, 4], [2, 4, 1, 3, 0], [1, 0, 3, 4, 1], [2, 1, 4, 0, 3]]"
19,"{'right': 'white_car_turn_right', 'down': 'empty', 'left': 'red_car_turn_right', 'up': 'crosswalk', 'priority_ruling': 'triangles_horizontal'}","[['crosswalk', 'red'], ['white']]",[0 0 1 1],"[[2, 0, 0, 3, 4], [1, 4, 3, 0, 0], [2, 0, 0, 4, 3], [1, 3, 4, 0, 0]]"
20,"{'right': 'empty', 'down': 'white_car_turn_left', 'left': 'green_car_turn_right', 'up': 'empty', 'priority_ruling': 'triangles_horizontal'}","[['white', 'green']]",[0 1 1 0],"[[2, 4, 0, 4, 1], [1, 1, 4, 4, 0], [2, 0, 4, 1, 4], [1, 4, 1, 0, 4]]"
21,"{'right': 'crosswalk', 'down': 'empty', 'left': 'green_car_straight', 'up': 'red_car_turn_left', 'priority_ruling': 'triangles_vertical'}","[['crosswalk'], ['green'], ['red']]",[1 0 0 0],"[[1, 3, 2, 1, 4], [2, 4, 1, 3, 2], [1, 2, 3, 4, 1], [2, 1, 4, 2, 3]]"
22,"{'right': 'empty', 'down': 'green_car_straight', 'left': 'white_car_straight', 'up': 'empty', 'priority_ruling': 'triangles_vertical'}","[['white'], ['green']]",[0 0 1 0],"[[1, 4, 2, 4, 2], [2, 2, 4, 4, 2], [1, 2, 4, 2, 4], [2, 4, 2, 2, 4]]"
23,"{'right': 'red_car_straight', 'down': 'crosswalk', 'left': 'empty', 'up': 'empty', 'priority_ruling': 'none_no'}","[['red', 'crosswalk']]",[1 1 0 0],"[[0, 2, 4, 4, 3], [0, 3, 4, 2, 4], [0, 4, 2, 3, 4], [0, 4, 3, 4, 2]]"
24,"{'right': 'green_car_turn_right', 'down': 'empty', 'left': 'white_car_turn_left', 'up': 'empty', 'priority_ruling': 'triangles_horizontal'}","[['green'], ['white']]",[1 0 0 0],"[[2, 0, 1, 4, 4], [1, 4, 4, 0, 1], [2, 1, 0, 4, 4], [1, 4, 4, 1, 0]]"
25,"{'right': 'empty', 'down': 'red_car_turn_left', 'left': 'white_car_straight', 'up': 'green_car_turn_left', 'priority_ruling': 'triangles_horizontal'}","[['green', 'red'], ['white']]",[0 1 0 1],"[[2, 4, 2, 1, 1], [1, 1, 1, 4, 2], [2, 2, 4, 1, 1], [1, 1, 1, 2, 4]]"
26,"{'right': 'red_car_turn_left', 'down': 'empty', 'left': 'green_car_turn_left', 'up': 'white_car_turn_left', 'priority_ruling': 'stop_horizontal'}","[['white'], ['red', 'green']]",[0 0 0 1],"[[2, 1, 1, 1, 4], [1, 4, 1, 1, 1], [2, 1, 1, 4, 1], [1, 1, 4, 1, 1]]"
27,"{'right': 'red_car_turn_left', 'down': 'green_car_turn_right', 'left': 'crosswalk', 'up': 'empty', 'priority_ruling': 'none_no'}","[['red', 'green', 'crosswalk']]",[1 1 1 0],"[[0, 1, 3, 4, 0], [0, 0, 4, 1, 3], [0, 3, 1, 0, 4], [0, 4, 0, 3, 1]]"
28,"{'right': 'empty', 'down': 'red_car_straight', 'left': 'empty', 'up': 'white_car_turn_left', 'priority_ruling': 'stop_horizontal'}","[['red'], ['white']]",[0 1 0 0],"[[2, 4, 4, 1, 2], [1, 2, 1, 4, 4], [2, 4, 4, 2, 1], [1, 1, 2, 4, 4]]"
29,"{'right': 'crosswalk', 'down': 'empty', 'left': 'green_car_turn_left', 'up': 'white_car_straight', 'priority_ruling': 'triangles_vertical'}","[['green', 'crosswalk'], ['white']]",[1 0 1 0],"[[1, 3, 1, 2, 4], [2, 4, 2, 3, 1], [1, 1, 3, 4, 2], [2, 2, 4, 1, 3]]"
30,"{'right': 'red_car_straight', 'down': 'empty', 'left': 'crosswalk', 'up': 'white_car_straight', 'priority_ruling': 'triangles_horizontal'}","[['crosswalk', 'white'], ['red']]",[0 0 1 1],"[[2, 2, 3, 2, 4], [1, 4, 2, 2, 3], [2, 3, 2, 4, 2], [1, 2, 4, 3, 2]]"
31,"{'right': 'empty', 'down': 'red_car_turn_left', 'left': 'empty', 'up': 'green_car_turn_right', 'priority_ruling': 'triangles_vertical'}","[['green'], ['red']]",[0 0 0 1],"[[1, 4, 4, 0, 1], [2, 1, 0, 4, 4], [1, 4, 4, 1, 0], [2, 0, 1, 4, 4]]"
32,"{'right': 'empty', 'down': 'green_car_turn_right', 'left': 'empty', 'up': 'crosswalk', 'priority_ruling': 'triangles_horizontal'}","[['green', 'crosswalk']]",[0 1 0 1],"[[2, 4, 4, 3, 0], [1, 0, 3, 4, 4], [2, 4, 4, 0, 3], [1, 3, 0, 4, 4]]"
33,"{'right': 'red_car_straight', 'down': 'crosswalk', 'left': 'green_car_straight', 'up': 'empty', 'priority_ruling': 'triangles_horizontal'}","[['red', 'crosswalk', 'green']]",[1 1 1 0],"[[2, 2, 2, 4, 3], [1, 3, 4, 2, 2], [2, 2, 2, 3, 4], [1, 4, 3, 2, 2]]"
34,"{'right': 'white_car_straight', 'down': 'crosswalk', 'left': 'red_car_turn_right', 'up': 'green_car_straight', 'priority_ruling': 'triangles_horizontal'}","[['crosswalk'], ['green'], ['white', 'red']]",[0 1 0 0],"[[2, 2, 0, 2, 3], [1, 3, 2, 2, 0], [2, 0, 2, 3, 2], [1, 2, 3, 0, 2]]"
35,"{'right': 'green_car_turn_right', 'down': 'empty', 'left': 'red_car_turn_right', 'up': 'crosswalk', 'priority_ruling': 'stop_vertical'}","[['crosswalk', 'red'], ['green']]",[0 0 1 1],"[[1, 0, 0, 3, 4], [2, 4, 3, 0, 0], [1, 0, 0, 4, 3], [2, 3, 4, 0, 0]]"
36,"{'right': 'crosswalk', 'down': 'red_car_turn_right', 'left': 'white_car_turn_right', 'up': 'empty', 'priority_ruling': 'triangles_vertical'}","[['crosswalk', 'white'], ['red']]",[1 0 1 0],"[[1, 3, 0, 4, 0], [2, 0, 4, 3, 0], [1, 0, 3, 0, 4], [2, 4, 0, 0, 3]]"
37,"{'right': 'green_car_turn_left', 'down': 'empty', 'left': 'empty', 'up': 'white_car_turn_right', 'priority_ruling': 'none_no'}","[['white'], ['green']]",[0 0 0 1],"[[0, 1, 4, 0, 4], [0, 4, 0, 1, 4], [0, 4, 1, 4, 0], [0, 0, 4, 4, 1]]"
38,"{'right': 'green_car_turn_left', 'down': 'red_car_turn_right', 'left': 'empty', 'up': 'crosswalk', 'priority_ruling': 'stop_vertical'}","[['green', 'red', 'crosswalk']]",[1 1 0 1],"[[1, 1, 4, 3, 0], [2, 0, 3, 1, 4], [1, 4, 1, 0, 3], [2, 3, 0, 4, 1]]"
39,"{'right': 'red_car_straight', 'down': 'white_car_turn_left', 'left': 'crosswalk', 'up': 'empty', 'priority_ruling': 'none_no'}","[['crosswalk'], ['red'], ['white']]",[0 0 1 0],"[[0, 2, 3, 4, 1], [0, 1, 4, 2, 3], [0, 3, 2, 1, 4], [0, 4, 1, 3, 2]]"
40,"{'right': 'white_car_turn_left', 'down': 'crosswalk', 'left': 'empty', 'up': 'red_car_turn_right', 'priority_ruling': 'triangles_vertical'}","[['crosswalk'], ['white'], ['red']]",[0 1 0 0],"[[1, 1, 4, 0, 3], [2, 3, 0, 1, 4], [1, 4, 1, 3, 0], [2, 0, 3, 4, 1]]"
41,"{'right': 'red_car_turn_left', 'down': 'green_car_straight', 'left': 'white_car_turn_left', 'up': 'crosswalk', 'priority_ruling': 'triangles_vertical'}","[['red', 'crosswalk'], ['white'], ['green']]",[1 0 0 1],"[[1, 1, 1, 3, 2], [2, 2, 3, 1, 1], [1, 1, 1, 2, 3], [2, 3, 2, 1, 1]]"
42,"{'right': 'white_car_turn_right', 'down': 'empty', 'left': 'green_car_turn_left', 'up': 'empty', 'priority_ruling': 'stop_horizontal'}","[['white'], ['green']]",[1 0 0 0],"[[2, 0, 1, 4, 4], [1, 4, 4, 0, 1], [2, 1, 0, 4, 4], [1, 4, 4, 1, 0]]"
43,"{'right': 'red_car_turn_right', 'down': 'green_car_turn_left', 'left': 'empty', 'up': 'white_car_straight', 'priority_ruling': 'stop_vertical'}","[['red', 'white'], ['green']]",[1 0 0 1],"[[1, 0, 4, 2, 1], [2, 1, 2, 0, 4], [1, 4, 0, 1, 2], [2, 2, 1, 4, 0]]"
44,"{'right': 'crosswalk', 'down': 'empty', 'left': 'red_car_straight', 'up': 'green_car_turn_right', 'priority_ruling': 'triangles_vertical'}","[['crosswalk', 'green'], ['red']]",[1 0 0 1],"[[1, 3, 2, 0, 4], [2, 4, 0, 3, 2], [1, 2, 3, 4, 0], [2, 0, 4, 2, 3]]"
45,"{'right': 'red_car_turn_left', 'down': 'crosswalk', 'left': 'white_car_turn_right', 'up': 'empty', 'priority_ruling': 'triangles_vertical'}","[['crosswalk'], ['white'], ['red']]",[0 1 0 0],"[[1, 1, 0, 4, 3], [2, 3, 4, 1, 0], [1, 0, 1, 3, 4], [2, 4, 3, 0, 1]]"
46,"{'right': 'empty', 'down': 'crosswalk', 'left': 'empty', 'up': 'white_car_straight', 'priority_ruling': 'triangles_horizontal'}","[['crosswalk'], ['white']]",[0 1 0 0],"[[2, 4, 4, 2, 3], [1, 3, 2, 4, 4], [2, 4, 4, 3, 2], [1, 2, 3, 4, 4]]"
47,"{'right': 'white_car_turn_right', 'down': 'empty', 'left': 'red_car_turn_right', 'up': 'green_car_turn_left', 'priority_ruling': 'none_no'}","[['red', 'white'], ['green']]",[1 0 1 0],"[[0, 0, 0, 1, 4], [0, 4, 1, 0, 0], [0, 0, 0, 4, 1], [0, 1, 4, 0, 0]]"
48,"{'right': 'empty', 'down': 'crosswalk', 'left': 'red_car_turn_left', 'up': 'white_car_turn_left', 'priority_ruling': 'triangles_vertical'}","[['red', 'crosswalk'], ['white']]",[0 1 1 0],"[[1, 4, 1, 1, 3], [2, 3, 1, 4, 1], [1, 1, 4, 3, 1], [2, 1, 3, 1, 4]]"
49,"{'right': 'empty', 'down': 'crosswalk', 'left': 'white_car_turn_right', 'up': 'green_car_straight', 'priority_ruling': 'triangles_vertical'}","[['crosswalk'], ['white'], ['green']]",[0 1 0 0],"[[1, 4, 0, 2, 3], [2, 3, 2, 4, 0], [1, 0, 4, 3, 2], [2, 2, 3, 0, 4]]"
50,"{'right': 'empty', 'down': 'green_car_turn_left', 'left': 'crosswalk', 'up': 'empty', 'priority_ruling': 'triangles_horizontal'}","[['crosswalk'], ['green']]",[0 0 1 0],"[[2, 4, 3, 4, 1], [1, 1, 4, 4, 3], [2, 3, 4, 1, 4], [1, 4, 1, 3, 4]]"
51,"{'right': 'crosswalk', 'down': 'green_car_turn_left', 'left': 'white_car_turn_left', 'up': 'red_car_turn_right', 'priority_ruling': 'none_no'}","[['red', 'crosswalk'], ['green'], ['white']]",[1 0 0 1],"[[0, 3, 1, 0, 1], [0, 1, 0, 3, 1], [0, 1, 3, 1, 0], [0, 0, 1, 1, 3]]"
52,"{'right': 'white_car_turn_left', 'down': 'empty', 'left': 'red_car_straight', 'up': 'green_car_straight', 'priority_ruling': 'none_no'}","[['red'], ['green'], ['white']]",[0 0 1 0],"[[0, 1, 2, 2, 4], [0, 4, 2, 1, 2], [0, 2, 1, 4, 2], [0, 2, 4, 2, 1]]"
53,"{'right': 'crosswalk', 'down': 'green_car_straight', 'left': 'white_car_turn_right', 'up': 'red_car_straight', 'priority_ruling': 'stop_vertical'}","[['white', 'crosswalk', 'green'], ['red']]",[1 1 1 0],"[[1, 3, 0, 2, 2], [2, 2, 2, 3, 0], [1, 0, 3, 2, 2], [2, 2, 2, 0, 3]]"
54,"{'right': 'crosswalk', 'down': 'white_car_straight', 'left': 'empty', 'up': 'green_car_turn_right', 'priority_ruling': 'stop_horizontal'}","[['crosswalk', 'white', 'green']]",[1 1 0 1],"[[2, 3, 4, 0, 2], [1, 2, 0, 3, 4], [2, 4, 3, 2, 0], [1, 0, 2, 4, 3]]"
55,"{'right': 'red_car_turn_right', 'down': 'white_car_turn_left', 'left': 'green_car_turn_right', 'up': 'empty', 'priority_ruling': 'stop_vertical'}","[['red', 'green'], ['white']]",[1 0 1 0],"[[1, 0, 0, 4, 1], [2, 1, 4, 0, 0], [1, 0, 0, 1, 4], [2, 4, 1, 0, 0]]"
56,"{'right': 'green_car_turn_left', 'down': 'empty', 'left': 'red_car_turn_right', 'up': 'empty', 'priority_ruling': 'stop_vertical'}","[['red'], ['green']]",[0 0 1 0],"[[1, 1, 0, 4, 4], [2, 4, 4, 1, 0], [1, 0, 1, 4, 4], [2, 4, 4, 0, 1]]"
57,"{'right': 'empty', 'down': 'crosswalk', 'left': 'white_car_turn_left', 'up': 'green_car_turn_left', 'priority_ruling': 'none_no'}","[['white', 'crosswalk'], ['green']]",[0 1 1 0],"[[0, 4, 1, 1, 3], [0, 3, 1, 4, 1], [0, 1, 4, 3, 1], [0, 1, 3, 1, 4]]"
58,"{'right': 'empty', 'down': 'green_car_turn_left', 'left': 'red_car_turn_left', 'up': 'white_car_turn_left', 'priority_ruling': 'none_no'}","[['green'], ['red'], ['white']]",[0 1 0 0],"[[0, 4, 1, 1, 1], [0, 1, 1, 4, 1], [0, 1, 4, 1, 1], [0, 1, 1, 1, 4]]"
59,"{'right': 'empty', 'down': 'white_car_straight', 'left': 'red_car_straight', 'up': 'empty', 'priority_ruling': 'stop_horizontal'}","[['white'], ['red']]",[0 1 0 0],"[[2, 4, 2, 4, 2], [1, 2, 4, 4, 2], [2, 2, 4, 2, 4], [1, 4, 2, 2, 4]]"
60,"{'right': 'green_car_straight', 'down': 'white_car_turn_left', 'left': 'empty', 'up': 'crosswalk', 'priority_ruling': 'triangles_horizontal'}","[['white', 'crosswalk'], ['green']]",[0 1 0 1],"[[2, 2, 4, 3, 1], [1, 1, 3, 2, 4], [2, 4, 2, 1, 3], [1, 3, 1, 4, 2]]"
61,"{'right': 'green_car_turn_left', 'down': 'red_car_turn_left', 'left': 'empty', 'up': 'white_car_turn_right', 'priority_ruling': 'none_no'}","[['white'], ['green'], ['red']]",[0 0 0 1],"[[0, 1, 4, 0, 1], [0, 1, 0, 1, 4], [0, 4, 1, 1, 0], [0, 0, 1, 4, 1]]"
62,"{'right': 'crosswalk', 'down': 'empty', 'left': 'red_car_turn_left', 'up': 'white_car_straight', 'priority_ruling': 'stop_vertical'}","[['red', 'crosswalk'], ['white']]",[1 0 1 0],"[[1, 3, 1, 2, 4], [2, 4, 2, 3, 1], [1, 1, 3, 4, 2], [2, 2, 4, 1, 3]]"
63,"{'right': 'empty', 'down': 'red_car_turn_right', 'left': 'white_car_straight', 'up': 'green_car_turn_left', 'priority_ruling': 'none_no'}","[['red'], ['white'], ['green']]",[0 1 0 0],"[[0, 4, 2, 1, 0], [0, 0, 1, 4, 2], [0, 2, 4, 0, 1], [0, 1, 0, 2, 4]]"
64,"{'right': 'red_car_straight', 'down': 'crosswalk', 'left': 'empty', 'up': 'green_car_turn_left', 'priority_ruling': 'none_no'}","[['green', 'crosswalk'], ['red']]",[0 1 0 1],"[[0, 2, 4, 1, 3], [0, 3, 1, 2, 4], [0, 4, 2, 3, 1], [0, 1, 3, 4, 2]]"
65,"{'right': 'empty', 'down': 'green_car_straight', 'left': 'red_car_straight', 'up': 'white_car_turn_right', 'priority_ruling': 'stop_vertical'}","[['red', 'white'], ['green']]",[0 0 1 1],"[[1, 4, 2, 0, 2], [2, 2, 0, 4, 2], [1, 2, 4, 2, 0], [2, 0, 2, 2, 4]]"
66,"{'right': 'green_car_turn_left', 'down': 'empty', 'left': 'empty', 'up': 'red_car_turn_right', 'priority_ruling': 'triangles_horizontal'}","[['red'], ['green']]",[0 0 0 1],"[[2, 1, 4, 0, 4], [1, 4, 0, 1, 4], [2, 4, 1, 4, 0], [1, 0, 4, 4, 1]]"
67,"{'right': 'white_car_straight', 'down': 'green_car_straight', 'left': 'crosswalk', 'up': 'empty', 'priority_ruling': 'stop_horizontal'}","[['green', 'crosswalk'], ['white']]",[0 1 1 0],"[[2, 2, 3, 4, 2], [1, 2, 4, 2, 3], [2, 3, 2, 2, 4], [1, 4, 2, 3, 2]]"
68,"{'right': 'white_car_turn_left', 'down': 'empty', 'left': 'red_car_turn_left', 'up': 'green_car_turn_left', 'priority_ruling': 'stop_vertical'}","[['white', 'red'], ['green']]",[1 0 1 0],"[[1, 1, 1, 1, 4], [2, 4, 1, 1, 1], [1, 1, 1, 4, 1], [2, 1, 4, 1, 1]]"
69,"{'right': 'crosswalk', 'down': 'green_car_turn_left', 'left': 'red_car_turn_right', 'up': 'empty', 'priority_ruling': 'triangles_vertical'}","[['crosswalk', 'green', 'red']]",[1 1 1 0],"[[1, 3, 0, 4, 1], [2, 1, 4, 3, 0], [1, 0, 3, 1, 4], [2, 4, 1, 0, 3]]"
70,"{'right': 'empty', 'down': 'crosswalk', 'left': 'white_car_straight', 'up': 'red_car_turn_right', 'priority_ruling': 'triangles_horizontal'}","[['crosswalk', 'white', 'red']]",[0 1 1 1],"[[2, 4, 2, 0, 3], [1, 3, 0, 4, 2], [2, 2, 4, 3, 0], [1, 0, 3, 2, 4]]"
71,"{'right': 'white_car_straight', 'down': 'empty', 'left': 'green_car_turn_right', 'up': 'red_car_straight', 'priority_ruling': 'triangles_vertical'}","[['white', 'green'], ['red']]",[1 0 1 0],"[[1, 2, 0, 2, 4], [2, 4, 2, 2, 0], [1, 0, 2, 4, 2], [2, 2, 4, 0, 2]]"
72,"{'right': 'white_car_turn_right', 'down': 'crosswalk', 'left': 'green_car_turn_right', 'up': 'empty', 'priority_ruling': 'triangles_vertical'}","[['crosswalk', 'white'], ['green']]",[1 1 0 0],"[[1, 0, 0, 4, 3], [2, 3, 4, 0, 0], [1, 0, 0, 3, 4], [2, 4, 3, 0, 0]]"
73,"{'right': 'white_car_straight', 'down': 'crosswalk', 'left': 'green_car_turn_left', 'up': 'empty', 'priority_ruling': 'triangles_horizontal'}","[['white', 'crosswalk'], ['green']]",[1 1 0 0],"[[2, 2, 1, 4, 3], [1, 3, 4, 2, 1], [2, 1, 2, 3, 4], [1, 4, 3, 1, 2]]"
74,"{'right': 'crosswalk', 'down': 'empty', 'left': 'white_car_turn_right', 'up': 'green_car_turn_left', 'priority_ruling': 'triangles_vertical'}","[['crosswalk', 'white'], ['green']]",[1 0 1 0],"[[1, 3, 0, 1, 4], [2, 4, 1, 3, 0], [1, 0, 3, 4, 1], [2, 1, 4, 0, 3]]"
75,"{'right': 'empty', 'down': 'red_car_turn_right', 'left': 'empty', 'up': 'green_car_turn_left', 'priority_ruling': 'none_no'}","[['red'], ['green']]",[0 1 0 0],"[[0, 4, 4, 1, 0], [0, 0, 1, 4, 4], [0, 4, 4, 0, 1], [0, 1, 0, 4, 4]]"
76,"{'right': 'empty', 'down': 'green_car_straight', 'left': 'red_car_turn_left', 'up': 'crosswalk', 'priority_ruling': 'stop_vertical'}","[['crosswalk'], ['red'], ['green']]",[0 0 0 1],"[[1, 4, 1, 3, 2], [2, 2, 3, 4, 1], [1, 1, 4, 2, 3], [2, 3, 2, 1, 4]]"
77,"{'right': 'white_car_turn_right', 'down': 'empty', 'left': 'green_car_turn_left', 'up': 'empty', 'priority_ruling': 'stop_vertical'}","[['white'], ['green']]",[1 0 0 0],"[[1, 0, 1, 4, 4], [2, 4, 4, 0, 1], [1, 1, 0, 4, 4], [2, 4, 4, 1, 0]]"
78,"{'right': 'crosswalk', 'down': 'red_car_turn_right', 'left': 'green_car_turn_right', 'up': 'white_car_straight', 'priority_ruling': 'none_no'}","[['crosswalk', 'green'], ['red', 'white']]",[1 0 1 0],"[[0, 3, 0, 2, 0], [0, 0, 2, 3, 0], [0, 0, 3, 0, 2], [0, 2, 0, 0, 3]]"
79,"{'right': 'red_car_turn_right', 'down': 'empty', 'left': 'green_car_straight', 'up': 'crosswalk', 'priority_ruling': 'stop_horizontal'}","[['crosswalk', 'green'], ['red']]",[0 0 1 1],"[[2, 0, 2, 3, 4], [1, 4, 3, 0, 2], [2, 2, 0, 4, 3], [1, 3, 4, 2, 0]]"
80,"{'right': 'crosswalk', 'down': 'red_car_turn_left', 'left': 'green_car_turn_left', 'up': 'white_car_turn_left', 'priority_ruling': 'none_no'}","[['crosswalk', 'red'], ['green'], ['white']]",[1 1 0 0],"[[0, 3, 1, 1, 1], [0, 1, 1, 3, 1], [0, 1, 3, 1, 1], [0, 1, 1, 1, 3]]"
81,"{'right': 'empty', 'down': 'green_car_turn_right', 'left': 'empty', 'up': 'crosswalk', 'priority_ruling': 'stop_horizontal'}","[['green', 'crosswalk']]",[0 1 0 1],"[[2, 4, 4, 3, 0], [1, 0, 3, 4, 4], [2, 4, 4, 0, 3], [1, 3, 0, 4, 4]]"
82,"{'right': 'green_car_turn_right', 'down': 'red_car_turn_right', 'left': 'white_car_straight', 'up': 'empty', 'priority_ruling': 'stop_vertical'}","[['white', 'green'], ['red']]",[1 0 1 0],"[[1, 0, 2, 4, 0], [2, 0, 4, 0, 2], [1, 2, 0, 0, 4], [2, 4, 0, 2, 0]]"
83,"{'right': 'empty', 'down': 'red_car_turn_right', 'left': 'green_car_turn_right', 'up': 'empty', 'priority_ruling': 'none_no'}","[['red', 'green']]",[0 1 1 0],"[[0, 4, 0, 4, 0], [0, 0, 4, 4, 0], [0, 0, 4, 0, 4], [0, 4, 0, 0, 4]]"
84,"{'right': 'white_car_turn_left', 'down': 'red_car_turn_left', 'left': 'empty', 'up': 'empty', 'priority_ruling': 'none_no'}","[['white'], ['red']]",[1 0 0 0],"[[0, 1, 4, 4, 1], [0, 1, 4, 1, 4], [0, 4, 1, 1, 4], [0, 4, 1, 4, 1]]"
85,"{'right': 'green_car_turn_right', 'down': 'red_car_turn_right', 'left': 'empty', 'up': 'empty', 'priority_ruling': 'triangles_horizontal'}","[['green', 'red']]",[1 1 0 0],"[[2, 0, 4, 4, 0], [1, 0, 4, 0, 4], [2, 4, 0, 0, 4], [1, 4, 0, 4, 0]]"
86,"{'right': 'empty', 'down': 'green_car_turn_left', 'left': 'red_car_turn_left', 'up': 'empty', 'priority_ruling': 'stop_horizontal'}","[['green'], ['red']]",[0 1 0 0],"[[2, 4, 1, 4, 1], [1, 1, 4, 4, 1], [2, 1, 4, 1, 4], [1, 4, 1, 1, 4]]"
87,"{'right': 'green_car_straight', 'down': 'crosswalk', 'left': 'empty', 'up': 'red_car_straight', 'priority_ruling': 'triangles_vertical'}","[['green', 'crosswalk'], ['red']]",[1 1 0 0],"[[1, 2, 4, 2, 3], [2, 3, 2, 2, 4], [1, 4, 2, 3, 2], [2, 2, 3, 4, 2]]"
88,"{'right': 'red_car_turn_right', 'down': 'crosswalk', 'left': 'white_car_straight', 'up': 'empty', 'priority_ruling': 'triangles_vertical'}","[['red', 'crosswalk', 'white']]",[1 1 1 0],"[[1, 0, 2, 4, 3], [2, 3, 4, 0, 2], [1, 2, 0, 3, 4], [2, 4, 3, 2, 0]]"
89,"{'right': 'empty', 'down': 'red_car_straight', 'left': 'empty', 'up': 'white_car_turn_left', 'priority_ruling': 'stop_vertical'}","[['red'], ['white']]",[0 1 0 0],"[[1, 4, 4, 1, 2], [2, 2, 1, 4, 4], [1, 4, 4, 2, 1], [2, 1, 2, 4, 4]]"
90,"{'right': 'empty', 'down': 'green_car_turn_right', 'left': 'crosswalk', 'up': 'white_car_straight', 'priority_ruling': 'stop_horizontal'}","[['green', 'crosswalk', 'white']]",[0 1 1 1],"[[2, 4, 3, 2, 0], [1, 0, 2, 4, 3], [2, 3, 4, 0, 2], [1, 2, 0, 3, 4]]"
91,"{'right': 'white_car_turn_right', 'down': 'green_car_turn_right', 'left': 'empty', 'up': 'empty', 'priority_ruling': 'none_no'}","[['white', 'green']]",[1 1 0 0],"[[0, 0, 4, 4, 0], [0, 0, 4, 0, 4], [0, 4, 0, 0, 4], [0, 4, 0, 4, 0]]"
92,"{'right': 'white_car_turn_left', 'down': 'empty', 'left': 'green_car_turn_right', 'up': 'red_car_turn_left', 'priority_ruling': 'triangles_vertical'}","[['green'], ['white'], ['red']]",[0 0 1 0],"[[1, 1, 0, 1, 4], [2, 4, 1, 1, 0], [1, 0, 1, 4, 1], [2, 1, 4, 0, 1]]"
93,"{'right': 'red_car_turn_right', 'down': 'empty', 'left': 'white_car_turn_right', 'up': 'green_car_turn_right', 'priority_ruling': 'triangles_vertical'}","[['red', 'white', 'green']]",[1 0 1 1],"[[1, 0, 0, 0, 4], [2, 4, 0, 0, 0], [1, 0, 0, 4, 0], [2, 0, 4, 0, 0]]"
94,"{'right': 'empty', 'down': 'green_car_turn_right', 'left': 'white_car_turn_right', 'up': 'empty', 'priority_ruling': 'triangles_vertical'}","[['green', 'white']]",[0 1 1 0],"[[1, 4, 0, 4, 0], [2, 0, 4, 4, 0], [1, 0, 4, 0, 4], [2, 4, 0, 0, 4]]"
95,"{'right': 'empty', 'down': 'white_car_turn_right', 'left': 'red_car_turn_right', 'up': 'green_car_turn_right', 'priority_ruling': 'stop_horizontal'}","[['white', 'red', 'green']]",[0 1 1 1],"[[2, 4, 0, 0, 0], [1, 0, 0, 4, 0], [2, 0, 4, 0, 0], [1, 0, 0, 0, 4]]"
96,"{'right': 'empty', 'down': 'red_car_turn_left', 'left': 'green_car_turn_right', 'up': 'white_car_turn_left', 'priority_ruling': 'triangles_vertical'}","[['green', 'red'], ['white']]",[0 1 1 0],"[[1, 4, 0, 1, 1], [2, 1, 1, 4, 0], [1, 0, 4, 1, 1], [2, 1, 1, 0, 4]]"
97,"{'right': 'white_car_turn_left', 'down': 'red_car_turn_left', 'left': 'crosswalk', 'up': 'green_car_straight', 'priority_ruling': 'none_no'}","[['green', 'crosswalk'], ['white'], ['red']]",[0 0 1 1],"[[0, 1, 3, 2, 1], [0, 1, 2, 1, 3], [0, 3, 1, 1, 2], [0, 2, 1, 3, 1]]"
98,"{'right': 'crosswalk', 'down': 'red_car_turn_right', 'left': 'empty', 'up': 'green_car_straight', 'priority_ruling': 'none_no'}","[['crosswalk', 'green'], ['red']]",[1 0 0 1],"[[0, 3, 4, 2, 0], [0, 0, 2, 3, 4], [0, 4, 3, 0, 2], [0, 2, 0, 4, 3]]"
99,"{'right': 'red_car_straight', 'down': 'crosswalk', 'left': 'green_car_turn_right', 'up': 'white_car_turn_left', 'priority_ruling': 'none_no'}","[['crosswalk'], ['green'], ['white'], ['red']]",[0 1 0 0],"[[0, 2, 0, 1, 3], [0, 3, 1, 2, 0], [0, 0, 2, 3, 1], [0, 1, 3, 0, 2]]"
100,"{'right': 'red_car_straight', 'down': 'empty', 'left': 'green_car_straight', 'up': 'empty', 'priority_ruling': 'none_no'}","[['red', 'green']]",[1 0 1 0],"[[0, 2, 2, 4, 4], [0, 4, 4, 2, 2], [0, 2, 2, 4, 4], [0, 4, 4, 2, 2]]"
101,"{'right': 'white_car_turn_right', 'down': 'empty', 'left': 'red_car_straight', 'up': 'empty', 'priority_ruling': 'triangles_vertical'}","[['white', 'red']]",[1 0 1 0],"[[1, 0, 2, 4, 4], [2, 4, 4, 0, 2], [1, 2, 0, 4, 4], [2, 4, 4, 2, 0]]"
102,"{'right': 'green_car_turn_left', 'down': 'red_car_turn_left', 'left': 'crosswalk', 'up': 'empty', 'priority_ruling': 'none_no'}","[['green', 'crosswalk'], ['red']]",[1 0 1 0],"[[0, 1, 3, 4, 1], [0, 1, 4, 1, 3], [0, 3, 1, 1, 4], [0, 4, 1, 3, 1]]"
103,"{'right': 'white_car_straight', 'down': 'empty', 'left': 'red_car_turn_right', 'up': 'green_car_turn_left', 'priority_ruling': 'triangles_horizontal'}","[['green'], ['white', 'red']]",[0 0 0 1],"[[2, 2, 0, 1, 4], [1, 4, 1, 2, 0], [2, 0, 2, 4, 1], [1, 1, 4, 0, 2]]"
104,"{'right': 'crosswalk', 'down': 'green_car_straight', 'left': 'empty', 'up': 'white_car_straight', 'priority_ruling': 'none_no'}","[['crosswalk', 'green', 'white']]",[1 1 0 1],"[[0, 3, 4, 2, 2], [0, 2, 2, 3, 4], [0, 4, 3, 2, 2], [0, 2, 2, 4, 3]]"
105,"{'right': 'crosswalk', 'down': 'green_car_turn_left', 'left': 'empty', 'up': 'empty', 'priority_ruling': 'stop_vertical'}","[['crosswalk', 'green']]",[1 1 0 0],"[[1, 3, 4, 4, 1], [2, 1, 4, 3, 4], [1, 4, 3, 1, 4], [2, 4, 1, 4, 3]]"
106,"{'right': 'empty', 'down': 'green_car_straight', 'left': 'red_car_straight', 'up': 'crosswalk', 'priority_ruling': 'none_no'}","[['crosswalk'], ['green'], ['red']]",[0 0 0 1],"[[0, 4, 2, 3, 2], [0, 2, 3, 4, 2], [0, 2, 4, 2, 3], [0, 3, 2, 2, 4]]"
107,"{'right': 'white_car_turn_left', 'down': 'red_car_straight', 'left': 'empty', 'up': 'crosswalk', 'priority_ruling': 'triangles_vertical'}","[['white', 'crosswalk'], ['red']]",[1 0 0 1],"[[1, 1, 4, 3, 2], [2, 2, 3, 1, 4], [1, 4, 1, 2, 3], [2, 3, 2, 4, 1]]"
108,"{'right': 'green_car_straight', 'down': 'white_car_straight', 'left': 'crosswalk', 'up': 'red_car_turn_left', 'priority_ruling': 'none_no'}","[['crosswalk'], [], ['white'], ['red'], ['green']]",[0 0 1 0],"[[0, 2, 3, 1, 2], [0, 2, 1, 2, 3], [0, 3, 2, 2, 1], [0, 1, 2, 3, 2]]"
109,"{'right': 'white_car_straight', 'down': 'empty', 'left': 'red_car_turn_right', 'up': 'crosswalk', 'priority_ruling': 'triangles_vertical'}","[['white', 'red', 'crosswalk']]",[1 0 1 1],"[[1, 2, 0, 3, 4], [2, 4, 3, 2, 0], [1, 0, 2, 4, 3], [2, 3, 4, 0, 2]]"
110,"{'right': 'crosswalk', 'down': 'empty', 'left': 'white_car_straight', 'up': 'green_car_turn_left', 'priority_ruling': 'triangles_horizontal'}","[['crosswalk'], ['green'], ['white']]",[1 0 0 0],"[[2, 3, 2, 1, 4], [1, 4, 1, 3, 2], [2, 2, 3, 4, 1], [1, 1, 4, 2, 3]]"
111,"{'right': 'crosswalk', 'down': 'white_car_turn_left', 'left': 'red_car_turn_right', 'up': 'green_car_turn_left', 'priority_ruling': 'triangles_horizontal'}","[['crosswalk', 'white'], ['green'], ['red']]",[1 1 0 0],"[[2, 3, 0, 1, 1], [1, 1, 1, 3, 0], [2, 0, 3, 1, 1], [1, 1, 1, 0, 3]]"
112,"{'right': 'green_car_turn_right', 'down': 'white_car_turn_left', 'left': 'crosswalk', 'up': 'empty', 'priority_ruling': 'none_no'}","[['green', 'crosswalk'], ['white']]",[1 0 1 0],"[[0, 0, 3, 4, 1], [0, 1, 4, 0, 3], [0, 3, 0, 1, 4], [0, 4, 1, 3, 0]]"
113,"{'right': 'green_car_turn_right', 'down': 'red_car_straight', 'left': 'empty', 'up': 'empty', 'priority_ruling': 'triangles_horizontal'}","[['red'], ['green']]",[0 1 0 0],"[[2, 0, 4, 4, 2], [1, 2, 4, 0, 4], [2, 4, 0, 2, 4], [1, 4, 2, 4, 0]]"
114,"{'right': 'empty', 'down': 'white_car_turn_left', 'left': 'red_car_straight', 'up': 'empty', 'priority_ruling': 'triangles_vertical'}","[['red'], ['white']]",[0 0 1 0],"[[1, 4, 2, 4, 1], [2, 1, 4, 4, 2], [1, 2, 4, 1, 4], [2, 4, 1, 2, 4]]"
115,"{'right': 'red_car_straight', 'down': 'empty', 'left': 'crosswalk', 'up': 'green_car_straight', 'priority_ruling': 'triangles_vertical'}","[['crosswalk'], ['red'], ['green']]",[0 0 1 0],"[[1, 2, 3, 2, 4], [2, 4, 2, 2, 3], [1, 3, 2, 4, 2], [2, 2, 4, 3, 2]]"
116,"{'right': 'white_car_turn_right', 'down': 'crosswalk', 'left': 'green_car_turn_left', 'up': 'empty', 'priority_ruling': 'none_no'}","[['white', 'crosswalk'], ['green']]",[1 1 0 0],"[[0, 0, 1, 4, 3], [0, 3, 4, 0, 1], [0, 1, 0, 3, 4], [0, 4, 3, 1, 0]]"
117,"{'right': 'white_car_turn_left', 'down': 'green_car_turn_left', 'left': 'empty', 'up': 'red_car_straight', 'priority_ruling': 'triangles_horizontal'}","[['red'], ['green'], ['white']]",[0 0 0 1],"[[2, 1, 4, 2, 1], [1, 1, 2, 1, 4], [2, 4, 1, 1, 2], [1, 2, 1, 4, 1]]"
118,"{'right': 'crosswalk', 'down': 'empty', 'left': 'red_car_turn_right', 'up': 'white_car_turn_left', 'priority_ruling': 'none_no'}","[['crosswalk', 'red'], ['white']]",[1 0 1 0],"[[0, 3, 0, 1, 4], [0, 4, 1, 3, 0], [0, 0, 3, 4, 1], [0, 1, 4, 0, 3]]"
119,"{'right': 'green_car_turn_right', 'down': 'empty', 'left': 'red_car_straight', 'up': 'crosswalk', 'priority_ruling': 'none_no'}","[['crosswalk', 'red'], ['green']]",[0 0 1 1],"[[0, 0, 2, 3, 4], [0, 4, 3, 0, 2], [0, 2, 0, 4, 3], [0, 3, 4, 2, 0]]"
120,"{'right': 'empty', 'down': 'green_car_turn_left', 'left': 'red_car_turn_right', 'up': 'crosswalk', 'priority_ruling': 'stop_horizontal'}","[['green', 'red', 'crosswalk']]",[0 1 1 1],"[[2, 4, 0, 3, 1], [1, 1, 3, 4, 0], [2, 0, 4, 1, 3], [1, 3, 1, 0, 4]]"
121,"{'right': 'green_car_straight', 'down': 'crosswalk', 'left': 'empty', 'up': 'red_car_straight', 'priority_ruling': 'triangles_horizontal'}","[['crosswalk'], ['red'], ['green']]",[0 1 0 0],"[[2, 2, 4, 2, 3], [1, 3, 2, 2, 4], [2, 4, 2, 3, 2], [1, 2, 3, 4, 2]]"
122,"{'right': 'empty', 'down': 'green_car_straight', 'left': 'red_car_turn_right', 'up': 'empty', 'priority_ruling': 'none_no'}","[['green', 'red']]",[0 1 1 0],"[[0, 4, 0, 4, 2], [0, 2, 4, 4, 0], [0, 0, 4, 2, 4], [0, 4, 2, 0, 4]]"
123,"{'right': 'empty', 'down': 'red_car_turn_left', 'left': 'crosswalk', 'up': 'white_car_turn_left', 'priority_ruling': 'triangles_vertical'}","[['crosswalk', 'white'], ['red']]",[0 0 1 1],"[[1, 4, 3, 1, 1], [2, 1, 1, 4, 3], [1, 3, 4, 1, 1], [2, 1, 1, 3, 4]]"
124,"{'right': 'empty', 'down': 'red_car_turn_right', 'left': 'white_car_turn_left', 'up': 'crosswalk', 'priority_ruling': 'none_no'}","[['red', 'crosswalk'], ['white']]",[0 1 0 1],"[[0, 4, 1, 3, 0], [0, 0, 3, 4, 1], [0, 1, 4, 0, 3], [0, 3, 0, 1, 4]]"
125,"{'right': 'crosswalk', 'down': 'empty', 'left': 'empty', 'up': 'red_car_straight', 'priority_ruling': 'triangles_vertical'}","[['crosswalk', 'red']]",[1 0 0 1],"[[1, 3, 4, 2, 4], [2, 4, 2, 3, 4], [1, 4, 3, 4, 2], [2, 2, 4, 4, 3]]"
126,"{'right': 'crosswalk', 'down': 'empty', 'left': 'red_car_turn_left', 'up': 'white_car_turn_right', 'priority_ruling': 'triangles_horizontal'}","[['crosswalk', 'red', 'white']]",[1 0 1 1],"[[2, 3, 1, 0, 4], [1, 4, 0, 3, 1], [2, 1, 3, 4, 0], [1, 0, 4, 1, 3]]"
127,"{'right': 'red_car_turn_left', 'down': 'white_car_turn_right', 'left': 'empty', 'up': 'empty', 'priority_ruling': 'triangles_vertical'}","[['red', 'white']]",[1 1 0 0],"[[1, 1, 4, 4, 0], [2, 0, 4, 1, 4], [1, 4, 1, 0, 4], [2, 4, 0, 4, 1]]"
128,"{'right': 'crosswalk', 'down': 'green_car_turn_right', 'left': 'white_car_straight', 'up': 'red_car_turn_left', 'priority_ruling': 'triangles_vertical'}","[['crosswalk'], ['white'], ['green'], ['red']]",[1 0 0 0],"[[1, 3, 2, 1, 0], [2, 0, 1, 3, 2], [1, 2, 3, 0, 1], [2, 1, 0, 2, 3]]"
129,"{'right': 'white_car_turn_left', 'down': 'crosswalk', 'left': 'empty', 'up': 'green_car_straight', 'priority_ruling': 'triangles_horizontal'}","[['crosswalk'], ['green'], ['white']]",[0 1 0 0],"[[2, 1, 4, 2, 3], [1, 3, 2, 1, 4], [2, 4, 1, 3, 2], [1, 2, 3, 4, 1]]"
130,"{'right': 'red_car_turn_right', 'down': 'white_car_straight', 'left': 'green_car_turn_right', 'up': 'crosswalk', 'priority_ruling': 'stop_horizontal'}","[['crosswalk', 'green'], ['white'], ['red']]",[0 0 1 1],"[[2, 0, 0, 3, 2], [1, 2, 3, 0, 0], [2, 0, 0, 2, 3], [1, 3, 2, 0, 0]]"
131,"{'right': 'crosswalk', 'down': 'red_car_turn_right', 'left': 'green_car_turn_left', 'up': 'white_car_turn_left', 'priority_ruling': 'triangles_horizontal'}","[['crosswalk'], ['red'], ['white'], ['green']]",[1 0 0 0],"[[2, 3, 1, 1, 0], [1, 0, 1, 3, 1], [2, 1, 3, 0, 1], [1, 1, 0, 1, 3]]"
132,"{'right': 'empty', 'down': 'crosswalk', 'left': 'empty', 'up': 'green_car_turn_right', 'priority_ruling': 'stop_horizontal'}","[['crosswalk', 'green']]",[0 1 0 1],"[[2, 4, 4, 0, 3], [1, 3, 0, 4, 4], [2, 4, 4, 3, 0], [1, 0, 3, 4, 4]]"
133,"{'right': 'green_car_turn_left', 'down': 'crosswalk', 'left': 'empty', 'up': 'red_car_turn_left', 'priority_ruling': 'none_no'}","[['crosswalk', 'red'], ['green']]",[0 1 0 1],"[[0, 1, 4, 1, 3], [0, 3, 1, 1, 4], [0, 4, 1, 3, 1], [0, 1, 3, 4, 1]]"
134,"{'right': 'red_car_turn_left', 'down': 'empty', 'left': 'empty', 'up': 'white_car_turn_left', 'priority_ruling': 'stop_vertical'}","[['red'], ['white']]",[1 0 0 0],"[[1, 1, 4, 1, 4], [2, 4, 1, 1, 4], [1, 4, 1, 4, 1], [2, 1, 4, 4, 1]]"
135,"{'right': 'white_car_straight', 'down': 'green_car_straight', 'left': 'empty', 'up': 'empty', 'priority_ruling': 'stop_vertical'}","[['white'], ['green']]",[1 0 0 0],"[[1, 2, 4, 4, 2], [2, 2, 4, 2, 4], [1, 4, 2, 2, 4], [2, 4, 2, 4, 2]]"
136,"{'right': 'empty', 'down': 'crosswalk', 'left': 'green_car_straight', 'up': 'white_car_turn_left', 'priority_ruling': 'none_no'}","[['green', 'crosswalk'], ['white']]",[0 1 1 0],"[[0, 4, 2, 1, 3], [0, 3, 1, 4, 2], [0, 2, 4, 3, 1], [0, 1, 3, 2, 4]]"
137,"{'right': 'red_car_straight', 'down': 'empty', 'left': 'white_car_turn_right', 'up': 'empty', 'priority_ruling': 'none_no'}","[['red', 'white']]",[1 0 1 0],"[[0, 2, 0, 4, 4], [0, 4, 4, 2, 0], [0, 0, 2, 4, 4], [0, 4, 4, 0, 2]]"
138,"{'right': 'white_car_turn_left', 'down': 'empty', 'left': 'red_car_turn_left', 'up': 'green_car_turn_right', 'priority_ruling': 'none_no'}","[['green', 'red'], ['white']]",[0 0 1 1],"[[0, 1, 1, 0, 4], [0, 4, 0, 1, 1], [0, 1, 1, 4, 0], [0, 0, 4, 1, 1]]"
139,"{'right': 'empty', 'down': 'white_car_turn_left', 'left': 'crosswalk', 'up': 'red_car_straight', 'priority_ruling': 'stop_vertical'}","[['crosswalk', 'red'], ['white']]",[0 0 1 1],"[[1, 4, 3, 2, 1], [2, 1, 2, 4, 3], [1, 3, 4, 1, 2], [2, 2, 1, 3, 4]]"
140,"{'right': 'white_car_turn_right', 'down': 'empty', 'left': 'empty', 'up': 'green_car_turn_right', 'priority_ruling': 'none_no'}","[['white', 'green']]",[1 0 0 1],"[[0, 0, 4, 0, 4], [0, 4, 0, 0, 4], [0, 4, 0, 4, 0], [0, 0, 4, 4, 0]]"
141,"{'right': 'crosswalk', 'down': 'empty', 'left': 'white_car_straight', 'up': 'empty', 'priority_ruling': 'none_no'}","[['crosswalk'], ['white']]",[1 0 0 0],"[[0, 3, 2, 4, 4], [0, 4, 4, 3, 2], [0, 2, 3, 4, 4], [0, 4, 4, 2, 3]]"
142,"{'right': 'empty', 'down': 'crosswalk', 'left': 'white_car_straight', 'up': 'green_car_turn_right', 'priority_ruling': 'stop_vertical'}","[['crosswalk', 'white', 'green']]",[0 1 1 1],"[[1, 4, 2, 0, 3], [2, 3, 0, 4, 2], [1, 2, 4, 3, 0], [2, 0, 3, 2, 4]]"
143,"{'right': 'crosswalk', 'down': 'empty', 'left': 'white_car_turn_right', 'up': 'green_car_straight', 'priority_ruling': 'triangles_horizontal'}","[['green', 'crosswalk'], ['white']]",[1 0 0 1],"[[2, 3, 0, 2, 4], [1, 4, 2, 3, 0], [2, 0, 3, 4, 2], [1, 2, 4, 0, 3]]"
144,"{'right': 'white_car_straight', 'down': 'crosswalk', 'left': 'empty', 'up': 'red_car_turn_left', 'priority_ruling': 'stop_vertical'}","[['white', 'crosswalk'], ['red']]",[1 1 0 0],"[[1, 2, 4, 1, 3], [2, 3, 1, 2, 4], [1, 4, 2, 3, 1], [2, 1, 3, 4, 2]]"
145,"{'right': 'empty', 'down': 'white_car_turn_left', 'left': 'red_car_turn_left', 'up': 'green_car_turn_left', 'priority_ruling': 'none_no'}","[['white'], ['red'], ['green']]",[0 1 0 0],"[[0, 4, 1, 1, 1], [0, 1, 1, 4, 1], [0, 1, 4, 1, 1], [0, 1, 1, 1, 4]]"
146,"{'right': 'empty', 'down': 'white_car_turn_right', 'left': 'empty', 'up': 'red_car_turn_left', 'priority_ruling': 'triangles_vertical'}","[['white'], ['red']]",[0 1 0 0],"[[1, 4, 4, 1, 0], [2, 0, 1, 4, 4], [1, 4, 4, 0, 1], [2, 1, 0, 4, 4]]"
147,"{'right': 'empty', 'down': 'crosswalk', 'left': 'red_car_turn_right', 'up': 'white_car_turn_left', 'priority_ruling': 'triangles_horizontal'}","[['crosswalk', 'white'], ['red']]",[0 1 0 1],"[[2, 4, 0, 1, 3], [1, 3, 1, 4, 0], [2, 0, 4, 3, 1], [1, 1, 3, 0, 4]]"
148,"{'right': 'empty', 'down': 'white_car_straight', 'left': 'red_car_straight', 'up': 'green_car_straight', 'priority_ruling': 'triangles_vertical'}","[['red'], ['white', 'green']]",[0 0 1 0],"[[1, 4, 2, 2, 2], [2, 2, 2, 4, 2], [1, 2, 4, 2, 2], [2, 2, 2, 2, 4]]"
149,"{'right': 'white_car_turn_left', 'down': 'red_car_turn_right', 'left': 'empty', 'up': 'green_car_turn_right', 'priority_ruling': 'triangles_horizontal'}","[['green', 'red'], ['white']]",[0 1 0 1],"[[2, 1, 4, 0, 0], [1, 0, 0, 1, 4], [2, 4, 1, 0, 0], [1, 0, 0, 4, 1]]"
150,"{'right': 'green_car_turn_left', 'down': 'white_car_turn_left', 'left': 'red_car_straight', 'up': 'crosswalk', 'priority_ruling': 'triangles_horizontal'}","[['white', 'crosswalk'], ['red'], ['green']]",[0 1 0 1],"[[2, 1, 2, 3, 1], [1, 1, 3, 1, 2], [2, 2, 1, 1, 3], [1, 3, 1, 2, 1]]"
151,"{'right': 'red_car_turn_left', 'down': 'empty', 'left': 'empty', 'up': 'green_car_turn_right', 'priority_ruling': 'none_no'}","[['green'], ['red']]",[0 0 0 1],"[[0, 1, 4, 0, 4], [0, 4, 0, 1, 4], [0, 4, 1, 4, 0], [0, 0, 4, 4, 1]]"
152,"{'right': 'empty', 'down': 'crosswalk', 'left': 'green_car_turn_left', 'up': 'red_car_turn_right', 'priority_ruling': 'none_no'}","[['crosswalk', 'green', 'red']]",[0 1 1 1],"[[0, 4, 1, 0, 3], [0, 3, 0, 4, 1], [0, 1, 4, 3, 0], [0, 0, 3, 1, 4]]"
153,"{'right': 'white_car_turn_left', 'down': 'green_car_turn_right', 'left': 'crosswalk', 'up': 'empty', 'priority_ruling': 'stop_horizontal'}","[['white', 'green', 'crosswalk']]",[1 1 1 0],"[[2, 1, 3, 4, 0], [1, 0, 4, 1, 3], [2, 3, 1, 0, 4], [1, 4, 0, 3, 1]]"
154,"{'right': 'empty', 'down': 'green_car_turn_right', 'left': 'crosswalk', 'up': 'red_car_straight', 'priority_ruling': 'triangles_horizontal'}","[['green', 'crosswalk', 'red']]",[0 1 1 1],"[[2, 4, 3, 2, 0], [1, 0, 2, 4, 3], [2, 3, 4, 0, 2], [1, 2, 0, 3, 4]]"
155,"{'right': 'red_car_turn_left', 'down': 'empty', 'left': 'crosswalk', 'up': 'white_car_turn_left', 'priority_ruling': 'stop_horizontal'}","[['white', 'crosswalk'], ['red']]",[0 0 1 1],"[[2, 1, 3, 1, 4], [1, 4, 1, 1, 3], [2, 3, 1, 4, 1], [1, 1, 4, 3, 1]]"
156,"{'right': 'empty', 'down': 'green_car_straight', 'left': 'red_car_turn_right', 'up': 'empty', 'priority_ruling': 'triangles_horizontal'}","[['green', 'red']]",[0 1 1 0],"[[2, 4, 0, 4, 2], [1, 2, 4, 4, 0], [2, 0, 4, 2, 4], [1, 4, 2, 0, 4]]"
157,"{'right': 'red_car_straight', 'down': 'green_car_straight', 'left': 'empty', 'up': 'crosswalk', 'priority_ruling': 'triangles_vertical'}","[['red', 'crosswalk'], ['green']]",[1 0 0 1],"[[1, 2, 4, 3, 2], [2, 2, 3, 2, 4], [1, 4, 2, 2, 3], [2, 3, 2, 4, 2]]"
158,"{'right': 'white_car_turn_right', 'down': 'empty', 'left': 'crosswalk', 'up': 'green_car_turn_left', 'priority_ruling': 'triangles_vertical'}","[['white', 'crosswalk', 'green']]",[1 0 1 1],"[[1, 0, 3, 1, 4], [2, 4, 1, 0, 3], [1, 3, 0, 4, 1], [2, 1, 4, 3, 0]]"
159,"{'right': 'white_car_straight', 'down': 'empty', 'left': 'empty', 'up': 'red_car_straight', 'priority_ruling': 'stop_vertical'}","[['white'], ['red']]",[1 0 0 0],"[[1, 2, 4, 2, 4], [2, 4, 2, 2, 4], [1, 4, 2, 4, 2], [2, 2, 4, 4, 2]]"
160,"{'right': 'white_car_turn_left', 'down': 'green_car_straight', 'left': 'empty', 'up': 'red_car_turn_right', 'priority_ruling': 'triangles_horizontal'}","[['green', 'red'], ['white']]",[0 1 0 1],"[[2, 1, 4, 0, 2], [1, 2, 0, 1, 4], [2, 4, 1, 2, 0], [1, 0, 2, 4, 1]]"
161,"{'right': 'green_car_straight', 'down': 'red_car_turn_right', 'left': 'empty', 'up': 'white_car_straight', 'priority_ruling': 'stop_horizontal'}","[['white', 'red'], ['green']]",[0 1 0 1],"[[2, 2, 4, 2, 0], [1, 0, 2, 2, 4], [2, 4, 2, 0, 2], [1, 2, 0, 4, 2]]"
162,"{'right': 'green_car_turn_left', 'down': 'empty', 'left': 'white_car_straight', 'up': 'empty', 'priority_ruling': 'stop_horizontal'}","[['white'], ['green']]",[0 0 1 0],"[[2, 1, 2, 4, 4], [1, 4, 4, 1, 2], [2, 2, 1, 4, 4], [1, 4, 4, 2, 1]]"
163,"{'right': 'crosswalk', 'down': 'white_car_turn_left', 'left': 'red_car_turn_left', 'up': 'green_car_turn_left', 'priority_ruling': 'none_no'}","[['crosswalk', 'white'], ['red'], ['green']]",[1 1 0 0],"[[0, 3, 1, 1, 1], [0, 1, 1, 3, 1], [0, 1, 3, 1, 1], [0, 1, 1, 1, 3]]"
164,"{'right': 'crosswalk', 'down': 'green_car_turn_left', 'left': 'red_car_turn_left', 'up': 'white_car_turn_right', 'priority_ruling': 'stop_vertical'}","[['red', 'white', 'crosswalk'], ['green']]",[1 0 1 1],"[[1, 3, 1, 0, 1], [2, 1, 0, 3, 1], [1, 1, 3, 1, 0], [2, 0, 1, 1, 3]]"
165,"{'right': 'green_car_turn_right', 'down': 'empty', 'left': 'red_car_straight', 'up': 'crosswalk', 'priority_ruling': 'stop_horizontal'}","[['crosswalk', 'red'], ['green']]",[0 0 1 1],"[[2, 0, 2, 3, 4], [1, 4, 3, 0, 2], [2, 2, 0, 4, 3], [1, 3, 4, 2, 0]]"
166,"{'right': 'crosswalk', 'down': 'white_car_turn_left', 'left': 'empty', 'up': 'red_car_turn_left', 'priority_ruling': 'triangles_horizontal'}","[['crosswalk', 'white'], ['red']]",[1 1 0 0],"[[2, 3, 4, 1, 1], [1, 1, 1, 3, 4], [2, 4, 3, 1, 1], [1, 1, 1, 4, 3]]"
167,"{'right': 'empty', 'down': 'red_car_turn_left', 'left': 'green_car_straight', 'up': 'crosswalk', 'priority_ruling': 'none_no'}","[['red', 'crosswalk'], ['green']]",[0 1 0 1],"[[0, 4, 2, 3, 1], [0, 1, 3, 4, 2], [0, 2, 4, 1, 3], [0, 3, 1, 2, 4]]"
168,"{'right': 'empty', 'down': 'green_car_turn_left', 'left': 'red_car_turn_right', 'up': 'white_car_turn_right', 'priority_ruling': 'triangles_vertical'}","[['white', 'red'], ['green']]",[0 0 1 1],"[[1, 4, 0, 0, 1], [2, 1, 0, 4, 0], [1, 0, 4, 1, 0], [2, 0, 1, 0, 4]]"
169,"{'right': 'white_car_straight', 'down': 'empty', 'left': 'green_car_straight', 'up': 'crosswalk', 'priority_ruling': 'stop_horizontal'}","[['white', 'green', 'crosswalk']]",[1 0 1 1],"[[2, 2, 2, 3, 4], [1, 4, 3, 2, 2], [2, 2, 2, 4, 3], [1, 3, 4, 2, 2]]"
170,"{'right': 'empty', 'down': 'green_car_turn_right', 'left': 'empty', 'up': 'white_car_turn_right', 'priority_ruling': 'stop_vertical'}","[['green', 'white']]",[0 1 0 1],"[[1, 4, 4, 0, 0], [2, 0, 0, 4, 4], [1, 4, 4, 0, 0], [2, 0, 0, 4, 4]]"
171,"{'right': 'crosswalk', 'down': 'green_car_turn_right', 'left': 'empty', 'up': 'empty', 'priority_ruling': 'triangles_vertical'}","[['crosswalk'], ['green']]",[1 0 0 0],"[[1, 3, 4, 4, 0], [2, 0, 4, 3, 4], [1, 4, 3, 0, 4], [2, 4, 0, 4, 3]]"
172,"{'right': 'red_car_turn_right', 'down': 'green_car_turn_left', 'left': 'crosswalk', 'up': 'white_car_turn_left', 'priority_ruling': 'stop_horizontal'}","[['crosswalk', 'white'], ['green'], ['red']]",[0 0 1 1],"[[2, 0, 3, 1, 1], [1, 1, 1, 0, 3], [2, 3, 0, 1, 1], [1, 1, 1, 3, 0]]"
173,"{'right': 'green_car_turn_right', 'down': 'red_car_turn_right', 'left': 'white_car_turn_right', 'up': 'empty', 'priority_ruling': 'triangles_vertical'}","[['green', 'red', 'white']]",[1 1 1 0],"[[1, 0, 0, 4, 0], [2, 0, 4, 0, 0], [1, 0, 0, 0, 4], [2, 4, 0, 0, 0]]"
174,"{'right': 'empty', 'down': 'white_car_straight', 'left': 'crosswalk', 'up': 'red_car_turn_left', 'priority_ruling': 'stop_vertical'}","[['white', 'crosswalk'], ['red']]",[0 1 1 0],"[[1, 4, 3, 1, 2], [2, 2, 1, 4, 3], [1, 3, 4, 2, 1], [2, 1, 2, 3, 4]]"
175,"{'right': 'empty', 'down': 'red_car_straight', 'left': 'white_car_turn_right', 'up': 'green_car_turn_left', 'priority_ruling': 'triangles_horizontal'}","[['red'], ['green'], ['white']]",[0 1 0 0],"[[2, 4, 0, 1, 2], [1, 2, 1, 4, 0], [2, 0, 4, 2, 1], [1, 1, 2, 0, 4]]"
176,"{'right': 'empty', 'down': 'white_car_turn_left', 'left': 'red_car_turn_right', 'up': 'crosswalk', 'priority_ruling': 'triangles_vertical'}","[['white', 'red', 'crosswalk']]",[0 1 1 1],"[[1, 4, 0, 3, 1], [2, 1, 3, 4, 0], [1, 0, 4, 1, 3], [2, 3, 1, 0, 4]]"
177,"{'right': 'crosswalk', 'down': 'red_car_turn_left', 'left': 'white_car_turn_left', 'up': 'empty', 'priority_ruling': 'stop_horizontal'}","[['red', 'crosswalk'], ['white']]",[1 1 0 0],"[[2, 3, 1, 4, 1], [1, 1, 4, 3, 1], [2, 1, 3, 1, 4], [1, 4, 1, 1, 3]]"
178,"{'right': 'white_car_straight', 'down': 'green_car_straight', 'left': 'empty', 'up': 'empty', 'priority_ruling': 'none_no'}","[['white'], ['green']]",[1 0 0 0],"[[0, 2, 4, 4, 2], [0, 2, 4, 2, 4], [0, 4, 2, 2, 4], [0, 4, 2, 4, 2]]"
179,"{'right': 'green_car_straight', 'down': 'white_car_straight', 'left': 'red_car_turn_left', 'up': 'crosswalk', 'priority_ruling': 'stop_horizontal'}","[['crosswalk'], ['white'], ['green'], ['red']]",[0 0 0 1],"[[2, 2, 1, 3, 2], [1, 2, 3, 2, 1], [2, 1, 2, 2, 3], [1, 3, 2, 1, 2]]"
180,"{'right': 'red_car_turn_right', 'down': 'empty', 'left': 'crosswalk', 'up': 'white_car_turn_left', 'priority_ruling': 'triangles_vertical'}","[['red', 'crosswalk', 'white']]",[1 0 1 1],"[[1, 0, 3, 1, 4], [2, 4, 1, 0, 3], [1, 3, 0, 4, 1], [2, 1, 4, 3, 0]]"
181,"{'right': 'empty', 'down': 'green_car_turn_right', 'left': 'empty', 'up': 'red_car_straight', 'priority_ruling': 'triangles_vertical'}","[['green', 'red']]",[0 1 0 1],"[[1, 4, 4, 2, 0], [2, 0, 2, 4, 4], [1, 4, 4, 0, 2], [2, 2, 0, 4, 4]]"
182,"{'right': 'red_car_straight', 'down': 'empty', 'left': 'white_car_straight', 'up': 'green_car_straight', 'priority_ruling': 'none_no'}","[['white'], ['green'], ['red']]",[0 0 1 0],"[[0, 2, 2, 2, 4], [0, 4, 2, 2, 2], [0, 2, 2, 4, 2], [0, 2, 4, 2, 2]]"
183,"{'right': 'empty', 'down': 'empty', 'left': 'white_car_turn_left', 'up': 'green_car_straight', 'priority_ruling': 'none_no'}","[['white'], ['green']]",[0 0 1 0],"[[0, 4, 1, 2, 4], [0, 4, 2, 4, 1], [0, 1, 4, 4, 2], [0, 2, 4, 1, 4]]"
184,"{'right': 'red_car_straight', 'down': 'crosswalk', 'left': 'white_car_straight', 'up': 'empty', 'priority_ruling': 'none_no'}","[['red', 'crosswalk', 'white']]",[1 1 1 0],"[[0, 2, 2, 4, 3], [0, 3, 4, 2, 2], [0, 2, 2, 3, 4], [0, 4, 3, 2, 2]]"
185,"{'right': 'crosswalk', 'down': 'green_car_turn_right', 'left': 'white_car_turn_left', 'up': 'empty', 'priority_ruling': 'triangles_vertical'}","[['crosswalk', 'white'], ['green']]",[1 0 1 0],"[[1, 3, 1, 4, 0], [2, 0, 4, 3, 1], [1, 1, 3, 0, 4], [2, 4, 0, 1, 3]]"
186,"{'right': 'empty', 'down': 'red_car_straight', 'left': 'empty', 'up': 'green_car_turn_right', 'priority_ruling': 'none_no'}","[['red', 'green']]",[0 1 0 1],"[[0, 4, 4, 0, 2], [0, 2, 0, 4, 4], [0, 4, 4, 2, 0], [0, 0, 2, 4, 4]]"
187,"{'right': 'empty', 'down': 'red_car_straight', 'left': 'green_car_straight', 'up': 'white_car_turn_left', 'priority_ruling': 'none_no'}","[['red'], ['green'], ['white']]",[0 1 0 0],"[[0, 4, 2, 1, 2], [0, 2, 1, 4, 2], [0, 2, 4, 2, 1], [0, 1, 2, 2, 4]]"
188,"{'right': 'red_car_turn_left', 'down': 'white_car_straight', 'left': 'green_car_turn_left', 'up': 'empty', 'priority_ruling': 'none_no'}","[['red'], ['white'], ['green']]",[1 0 0 0],"[[0, 1, 1, 4, 2], [0, 2, 4, 1, 1], [0, 1, 1, 2, 4], [0, 4, 2, 1, 1]]"
189,"{'right': 'white_car_straight', 'down': 'empty', 'left': 'crosswalk', 'up': 'red_car_straight', 'priority_ruling': 'triangles_vertical'}","[['crosswalk'], ['white'], ['red']]",[0 0 1 0],"[[1, 2, 3, 2, 4], [2, 4, 2, 2, 3], [1, 3, 2, 4, 2], [2, 2, 4, 3, 2]]"
190,"{'right': 'white_car_turn_right', 'down': 'crosswalk', 'left': 'empty', 'up': 'red_car_turn_right', 'priority_ruling': 'stop_vertical'}","[['white', 'crosswalk', 'red']]",[1 1 0 1],"[[1, 0, 4, 0, 3], [2, 3, 0, 0, 4], [1, 4, 0, 3, 0], [2, 0, 3, 4, 0]]"
191,"{'right': 'crosswalk', 'down': 'green_car_turn_left', 'left': 'white_car_turn_right', 'up': 'empty', 'priority_ruling': 'stop_horizontal'}","[['crosswalk', 'green', 'white']]",[1 1 1 0],"[[2, 3, 0, 4, 1], [1, 1, 4, 3, 0], [2, 0, 3, 1, 4], [1, 4, 1, 0, 3]]"
192,"{'right': 'empty', 'down': 'red_car_turn_left', 'left': 'empty', 'up': 'green_car_turn_right', 'priority_ruling': 'none_no'}","[['green'], ['red']]",[0 0 0 1],"[[0, 4, 4, 0, 1], [0, 1, 0, 4, 4], [0, 4, 4, 1, 0], [0, 0, 1, 4, 4]]"
193,"{'right': 'crosswalk', 'down': 'red_car_straight', 'left': 'green_car_turn_right', 'up': 'empty', 'priority_ruling': 'triangles_horizontal'}","[['crosswalk', 'red', 'green']]",[1 1 1 0],"[[2, 3, 0, 4, 2], [1, 2, 4, 3, 0], [2, 0, 3, 2, 4], [1, 4, 2, 0, 3]]"
194,"{'right': 'white_car_turn_left', 'down': 'crosswalk', 'left': 'red_car_straight', 'up': 'green_car_turn_right', 'priority_ruling': 'triangles_vertical'}","[['crosswalk', 'red'], ['white'], ['green']]",[0 1 1 0],"[[1, 1, 2, 0, 3], [2, 3, 0, 1, 2], [1, 2, 1, 3, 0], [2, 0, 3, 2, 1]]"
195,"{'right': 'crosswalk', 'down': 'red_car_straight', 'left': 'green_car_straight', 'up': 'white_car_straight', 'priority_ruling': 'stop_vertical'}","[['crosswalk'], ['green'], ['red', 'white']]",[1 0 0 0],"[[1, 3, 2, 2, 2], [2, 2, 2, 3, 2], [1, 2, 3, 2, 2], [2, 2, 2, 2, 3]]"
196,"{'right': 'red_car_straight', 'down': 'empty', 'left': 'empty', 'up': 'green_car_straight', 'priority_ruling': 'none_no'}","[['green'], ['red']]",[0 0 0 1],"[[0, 2, 4, 2, 4], [0, 4, 2, 2, 4], [0, 4, 2, 4, 2], [0, 2, 4, 4, 2]]"
197,"{'right': 'red_car_straight', 'down': 'empty', 'left': 'empty', 'up': 'green_car_turn_right', 'priority_ruling': 'stop_horizontal'}","[['green'], ['red']]",[0 0 0 1],"[[2, 2, 4, 0, 4], [1, 4, 0, 2, 4], [2, 4, 2, 4, 0], [1, 0, 4, 4, 2]]"
198,"{'right': 'empty', 'down': 'green_car_straight', 'left': 'white_car_straight', 'up': 'red_car_turn_left', 'priority_ruling': 'stop_horizontal'}","[['green'], ['red'], ['white']]",[0 1 0 0],"[[2, 4, 2, 1, 2], [1, 2, 1, 4, 2], [2, 2, 4, 2, 1], [1, 1, 2, 2, 4]]"
199,"{'right': 'crosswalk', 'down': 'red_car_turn_right', 'left': 'green_car_turn_left', 'up': 'white_car_straight', 'priority_ruling': 'none_no'}","[['crosswalk'], ['red'], ['green'], ['white']]",[1 0 0 0],"[[0, 3, 1, 2, 0], [0, 0, 2, 3, 1], [0, 1, 3, 0, 2], [0, 2, 0, 1, 3]]"
200,"{'right': 'empty', 'down': 'green_car_turn_left', 'left': 'red_car_turn_left', 'up': 'empty', 'priority_ruling': 'none_no'}","[['green'], ['red']]",[0 1 0 0],"[[0, 4, 1, 4, 1], [0, 1, 4, 4, 1], [0, 1, 4, 1, 4], [0, 4, 1, 1, 4]]"
201,"{'right': 'green_car_turn_right', 'down': 'crosswalk', 'left': 'empty', 'up': 'white_car_turn_right', 'priority_ruling': 'none_no'}","[['green', 'crosswalk', 'white']]",[1 1 0 1],"[[0, 0, 4, 0, 3], [0, 3, 0, 0, 4], [0, 4, 0, 3, 0], [0, 0, 3, 4, 0]]"
202,"{'right': 'crosswalk', 'down': 'white_car_straight', 'left': 'empty', 'up': 'empty', 'priority_ruling': 'stop_horizontal'}","[['crosswalk', 'white']]",[1 1 0 0],"[[2, 3, 4, 4, 2], [1, 2, 4, 3, 4], [2, 4, 3, 2, 4], [1, 4, 2, 4, 3]]"
203,"{'right': 'crosswalk', 'down': 'white_car_straight', 'left': 'green_car_turn_left', 'up': 'empty', 'priority_ruling': 'triangles_horizontal'}","[['white', 'crosswalk'], ['green']]",[1 1 0 0],"[[2, 3, 1, 4, 2], [1, 2, 4, 3, 1], [2, 1, 3, 2, 4], [1, 4, 2, 1, 3]]"
204,"{'right': 'red_car_turn_left', 'down': 'empty', 'left': 'empty', 'up': 'green_car_turn_left', 'priority_ruling': 'none_no'}","[['green'], ['red']]",[0 0 0 1],"[[0, 1, 4, 1, 4], [0, 4, 1, 1, 4], [0, 4, 1, 4, 1], [0, 1, 4, 4, 1]]"
205,"{'right': 'empty', 'down': 'green_car_turn_right', 'left': 'white_car_straight', 'up': 'empty', 'priority_ruling': 'triangles_horizontal'}","[['green'], ['white']]",[0 1 0 0],"[[2, 4, 2, 4, 0], [1, 0, 4, 4, 2], [2, 2, 4, 0, 4], [1, 4, 0, 2, 4]]"
206,"{'right': 'green_car_straight', 'down': 'empty', 'left': 'red_car_straight', 'up': 'crosswalk', 'priority_ruling': 'stop_horizontal'}","[['green', 'red', 'crosswalk']]",[1 0 1 1],"[[2, 2, 2, 3, 4], [1, 4, 3, 2, 2], [2, 2, 2, 4, 3], [1, 3, 4, 2, 2]]"
207,"{'right': 'crosswalk', 'down': 'red_car_straight', 'left': 'empty', 'up': 'empty', 'priority_ruling': 'stop_horizontal'}","[['crosswalk', 'red']]",[1 1 0 0],"[[2, 3, 4, 4, 2], [1, 2, 4, 3, 4], [2, 4, 3, 2, 4], [1, 4, 2, 4, 3]]"
208,"{'right': 'red_car_turn_right', 'down': 'empty', 'left': 'crosswalk', 'up': 'green_car_turn_left', 'priority_ruling': 'stop_horizontal'}","[['red', 'crosswalk', 'green']]",[1 0 1 1],"[[2, 0, 3, 1, 4], [1, 4, 1, 0, 3], [2, 3, 0, 4, 1], [1, 1, 4, 3, 0]]"
209,"{'right': 'white_car_straight', 'down': 'red_car_straight', 'left': 'crosswalk', 'up': 'green_car_turn_left', 'priority_ruling': 'none_no'}","[['crosswalk'], [], ['red'], ['green'], ['white']]",[0 0 1 0],"[[0, 2, 3, 1, 2], [0, 2, 1, 2, 3], [0, 3, 2, 2, 1], [0, 1, 2, 3, 2]]"
210,"{'right': 'crosswalk', 'down': 'red_car_turn_right', 'left': 'empty', 'up': 'empty', 'priority_ruling': 'triangles_horizontal'}","[['crosswalk'], ['red']]",[1 0 0 0],"[[2, 3, 4, 4, 0], [1, 0, 4, 3, 4], [2, 4, 3, 0, 4], [1, 4, 0, 4, 3]]"
211,"{'right': 'red_car_straight', 'down': 'green_car_turn_right', 'left': 'empty', 'up': 'white_car_turn_left', 'priority_ruling': 'stop_horizontal'}","[['green'], ['white'], ['red']]",[0 1 0 0],"[[2, 2, 4, 1, 0], [1, 0, 1, 2, 4], [2, 4, 2, 0, 1], [1, 1, 0, 4, 2]]"
212,"{'right': 'white_car_turn_left', 'down': 'green_car_turn_right', 'left': 'red_car_turn_left', 'up': 'empty', 'priority_ruling': 'none_no'}","[['green', 'white'], ['red']]",[1 1 0 0],"[[0, 1, 1, 4, 0], [0, 0, 4, 1, 1], [0, 1, 1, 0, 4], [0, 4, 0, 1, 1]]"
213,"{'right': 'red_car_straight', 'down': 'green_car_turn_left', 'left': 'empty', 'up': 'white_car_turn_left', 'priority_ruling': 'none_no'}","[['white'], ['red'], ['green']]",[0 0 0 1],"[[0, 2, 4, 1, 1], [0, 1, 1, 2, 4], [0, 4, 2, 1, 1], [0, 1, 1, 4, 2]]"
214,"{'right': 'empty', 'down': 'white_car_turn_left', 'left': 'red_car_turn_right', 'up': 'empty', 'priority_ruling': 'stop_horizontal'}","[['white', 'red']]",[0 1 1 0],"[[2, 4, 0, 4, 1], [1, 1, 4, 4, 0], [2, 0, 4, 1, 4], [1, 4, 1, 0, 4]]"
215,"{'right': 'crosswalk', 'down': 'white_car_turn_right', 'left': 'empty', 'up': 'red_car_turn_left', 'priority_ruling': 'stop_vertical'}","[['crosswalk'], ['white'], ['red']]",[1 0 0 0],"[[1, 3, 4, 1, 0], [2, 0, 1, 3, 4], [1, 4, 3, 0, 1], [2, 1, 0, 4, 3]]"
216,"{'right': 'crosswalk', 'down': 'green_car_straight', 'left': 'red_car_turn_right', 'up': 'white_car_straight', 'priority_ruling': 'stop_vertical'}","[['red', 'crosswalk', 'green'], ['white']]",[1 1 1 0],"[[1, 3, 0, 2, 2], [2, 2, 2, 3, 0], [1, 0, 3, 2, 2], [2, 2, 2, 0, 3]]"
217,"{'right': 'empty', 'down': 'empty', 'left': 'crosswalk', 'up': 'red_car_turn_left', 'priority_ruling': 'triangles_horizontal'}","[['crosswalk', 'red']]",[0 0 1 1],"[[2, 4, 3, 1, 4], [1, 4, 1, 4, 3], [2, 3, 4, 4, 1], [1, 1, 4, 3, 4]]"
218,"{'right': 'empty', 'down': 'white_car_straight', 'left': 'crosswalk', 'up': 'green_car_straight', 'priority_ruling': 'stop_horizontal'}","[['white', 'crosswalk', 'green']]",[0 1 1 1],"[[2, 4, 3, 2, 2], [1, 2, 2, 4, 3], [2, 3, 4, 2, 2], [1, 2, 2, 3, 4]]"
219,"{'right': 'green_car_turn_right', 'down': 'crosswalk', 'left': 'empty', 'up': 'red_car_straight', 'priority_ruling': 'triangles_vertical'}","[['crosswalk', 'green'], ['red']]",[1 1 0 0],"[[1, 0, 4, 2, 3], [2, 3, 2, 0, 4], [1, 4, 0, 3, 2], [2, 2, 3, 4, 0]]"
220,"{'right': 'red_car_turn_left', 'down': 'white_car_turn_left', 'left': 'empty', 'up': 'empty', 'priority_ruling': 'triangles_horizontal'}","[['white'], ['red']]",[0 1 0 0],"[[2, 1, 4, 4, 1], [1, 1, 4, 1, 4], [2, 4, 1, 1, 4], [1, 4, 1, 4, 1]]"
221,"{'right': 'crosswalk', 'down': 'empty', 'left': 'green_car_straight', 'up': 'white_car_turn_right', 'priority_ruling': 'triangles_horizontal'}","[['crosswalk', 'white'], ['green']]",[1 0 0 1],"[[2, 3, 2, 0, 4], [1, 4, 0, 3, 2], [2, 2, 3, 4, 0], [1, 0, 4, 2, 3]]"
222,"{'right': 'white_car_turn_left', 'down': 'green_car_turn_right', 'left': 'red_car_straight', 'up': 'empty', 'priority_ruling': 'stop_horizontal'}","[['green'], ['red'], ['white']]",[0 1 0 0],"[[2, 1, 2, 4, 0], [1, 0, 4, 1, 2], [2, 2, 1, 0, 4], [1, 4, 0, 2, 1]]"
223,"{'right': 'crosswalk', 'down': 'red_car_straight', 'left': 'white_car_straight', 'up': 'green_car_turn_right', 'priority_ruling': 'triangles_horizontal'}","[['crosswalk', 'red', 'green'], ['white']]",[1 1 0 1],"[[2, 3, 2, 0, 2], [1, 2, 0, 3, 2], [2, 2, 3, 2, 0], [1, 0, 2, 2, 3]]"
224,"{'right': 'red_car_straight', 'down': 'empty', 'left': 'crosswalk', 'up': 'white_car_turn_right', 'priority_ruling': 'triangles_horizontal'}","[['crosswalk'], ['white'], ['red']]",[0 0 1 0],"[[2, 2, 3, 0, 4], [1, 4, 0, 2, 3], [2, 3, 2, 4, 0], [1, 0, 4, 3, 2]]"
225,"{'right': 'empty', 'down': 'empty', 'left': 'green_car_straight', 'up': 'crosswalk', 'priority_ruling': 'triangles_horizontal'}","[['green', 'crosswalk']]",[0 0 1 1],"[[2, 4, 2, 3, 4], [1, 4, 3, 4, 2], [2, 2, 4, 4, 3], [1, 3, 4, 2, 4]]"
226,"{'right': 'white_car_turn_right', 'down': 'empty', 'left': 'red_car_straight', 'up': 'green_car_turn_left', 'priority_ruling': 'stop_vertical'}","[['red', 'white'], ['green']]",[1 0 1 0],"[[1, 0, 2, 1, 4], [2, 4, 1, 0, 2], [1, 2, 0, 4, 1], [2, 1, 4, 2, 0]]"
227,"{'right': 'white_car_turn_right', 'down': 'green_car_turn_left', 'left': 'red_car_straight', 'up': 'crosswalk', 'priority_ruling': 'none_no'}","[['crosswalk'], ['white'], ['green'], ['red']]",[0 0 0 1],"[[0, 0, 2, 3, 1], [0, 1, 3, 0, 2], [0, 2, 0, 1, 3], [0, 3, 1, 2, 0]]"
228,"{'right': 'empty', 'down': 'white_car_turn_right', 'left': 'red_car_turn_left', 'up': 'crosswalk', 'priority_ruling': 'stop_vertical'}","[['crosswalk'], ['red'], ['white']]",[0 0 0 1],"[[1, 4, 1, 3, 0], [2, 0, 3, 4, 1], [1, 1, 4, 0, 3], [2, 3, 0, 1, 4]]"
229,"{'right': 'white_car_turn_left', 'down': 'green_car_turn_right', 'left': 'red_car_straight', 'up': 'empty', 'priority_ruling': 'none_no'}","[['green'], ['red'], ['white']]",[0 1 0 0],"[[0, 1, 2, 4, 0], [0, 0, 4, 1, 2], [0, 2, 1, 0, 4], [0, 4, 0, 2, 1]]"
230,"{'right': 'white_car_turn_left', 'down': 'empty', 'left': 'crosswalk', 'up': 'green_car_turn_left', 'priority_ruling': 'triangles_vertical'}","[['white', 'crosswalk'], ['green']]",[1 0 1 0],"[[1, 1, 3, 1, 4], [2, 4, 1, 1, 3], [1, 3, 1, 4, 1], [2, 1, 4, 3, 1]]"
231,"{'right': 'white_car_straight', 'down': 'red_car_turn_right', 'left': 'empty', 'up': 'empty', 'priority_ruling': 'triangles_horizontal'}","[['white', 'red']]",[1 1 0 0],"[[2, 2, 4, 4, 0], [1, 0, 4, 2, 4], [2, 4, 2, 0, 4], [1, 4, 0, 4, 2]]"
232,"{'right': 'empty', 'down': 'green_car_turn_left', 'left': 'crosswalk', 'up': 'white_car_turn_right', 'priority_ruling': 'triangles_vertical'}","[['crosswalk'], ['white'], ['green']]",[0 0 1 0],"[[1, 4, 3, 0, 1], [2, 1, 0, 4, 3], [1, 3, 4, 1, 0], [2, 0, 1, 3, 4]]"
233,"{'right': 'red_car_straight', 'down': 'white_car_turn_right', 'left': 'crosswalk', 'up': 'green_car_straight', 'priority_ruling': 'none_no'}","[['crosswalk', 'green', 'white'], ['red']]",[0 1 1 1],"[[0, 2, 3, 2, 0], [0, 0, 2, 2, 3], [0, 3, 2, 0, 2], [0, 2, 0, 3, 2]]"
234,"{'right': 'red_car_turn_left', 'down': 'white_car_turn_left', 'left': 'green_car_turn_left', 'up': 'crosswalk', 'priority_ruling': 'stop_vertical'}","[['red', 'crosswalk'], ['green'], ['white']]",[1 0 0 1],"[[1, 1, 1, 3, 1], [2, 1, 3, 1, 1], [1, 1, 1, 1, 3], [2, 3, 1, 1, 1]]"
235,"{'right': 'empty', 'down': 'red_car_turn_right', 'left': 'white_car_turn_right', 'up': 'green_car_turn_right', 'priority_ruling': 'none_no'}","[['red', 'white', 'green']]",[0 1 1 1],"[[0, 4, 0, 0, 0], [0, 0, 0, 4, 0], [0, 0, 4, 0, 0], [0, 0, 0, 0, 4]]"
236,"{'right': 'empty', 'down': 'green_car_straight', 'left': 'white_car_turn_right', 'up': 'red_car_straight', 'priority_ruling': 'triangles_vertical'}","[['white', 'green'], ['red']]",[0 1 1 0],"[[1, 4, 0, 2, 2], [2, 2, 2, 4, 0], [1, 0, 4, 2, 2], [2, 2, 2, 0, 4]]"
237,"{'right': 'empty', 'down': 'crosswalk', 'left': 'empty', 'up': 'white_car_turn_right', 'priority_ruling': 'triangles_horizontal'}","[['crosswalk', 'white']]",[0 1 0 1],"[[2, 4, 4, 0, 3], [1, 3, 0, 4, 4], [2, 4, 4, 3, 0], [1, 0, 3, 4, 4]]"
238,"{'right': 'red_car_straight', 'down': 'green_car_straight', 'left': 'white_car_turn_left', 'up': 'empty', 'priority_ruling': 'triangles_horizontal'}","[['green'], ['red'], ['white']]",[0 1 0 0],"[[2, 2, 1, 4, 2], [1, 2, 4, 2, 1], [2, 1, 2, 2, 4], [1, 4, 2, 1, 2]]"
239,"{'right': 'empty', 'down': 'empty', 'left': 'red_car_turn_right', 'up': 'white_car_straight', 'priority_ruling': 'triangles_vertical'}","[['red'], ['white']]",[0 0 1 0],"[[1, 4, 0, 2, 4], [2, 4, 2, 4, 0], [1, 0, 4, 4, 2], [2, 2, 4, 0, 4]]"
240,"{'right': 'empty', 'down': 'white_car_turn_right', 'left': 'red_car_turn_right', 'up': 'crosswalk', 'priority_ruling': 'triangles_vertical'}","[['white', 'red', 'crosswalk']]",[0 1 1 1],"[[1, 4, 0, 3, 0], [2, 0, 3, 4, 0], [1, 0, 4, 0, 3], [2, 3, 0, 0, 4]]"
241,"{'right': 'crosswalk', 'down': 'red_car_turn_right', 'left': 'green_car_straight', 'up': 'white_car_straight', 'priority_ruling': 'stop_vertical'}","[['crosswalk'], ['green'], ['red', 'white']]",[1 0 0 0],"[[1, 3, 2, 2, 0], [2, 0, 2, 3, 2], [1, 2, 3, 0, 2], [2, 2, 0, 2, 3]]"
242,"{'right': 'crosswalk', 'down': 'white_car_turn_left', 'left': 'empty', 'up': 'red_car_turn_right', 'priority_ruling': 'triangles_vertical'}","[['red', 'crosswalk'], ['white']]",[1 0 0 1],"[[1, 3, 4, 0, 1], [2, 1, 0, 3, 4], [1, 4, 3, 1, 0], [2, 0, 1, 4, 3]]"
243,"{'right': 'empty', 'down': 'crosswalk', 'left': 'green_car_turn_left', 'up': 'empty', 'priority_ruling': 'stop_vertical'}","[['crosswalk', 'green']]",[0 1 1 0],"[[1, 4, 1, 4, 3], [2, 3, 4, 4, 1], [1, 1, 4, 3, 4], [2, 4, 3, 1, 4]]"
244,"{'right': 'red_car_turn_right', 'down': 'green_car_turn_left', 'left': 'white_car_turn_left', 'up': 'empty', 'priority_ruling': 'stop_vertical'}","[['red'], ['white'], ['green']]",[1 0 0 0],"[[1, 0, 1, 4, 1], [2, 1, 4, 0, 1], [1, 1, 0, 1, 4], [2, 4, 1, 1, 0]]"
245,"{'right': 'empty', 'down': 'white_car_turn_right', 'left': 'crosswalk', 'up': 'green_car_turn_right', 'priority_ruling': 'none_no'}","[['crosswalk', 'white'], ['green']]",[0 1 1 0],"[[0, 4, 3, 0, 0], [0, 0, 0, 4, 3], [0, 3, 4, 0, 0], [0, 0, 0, 3, 4]]"
246,"{'right': 'white_car_straight', 'down': 'crosswalk', 'left': 'empty', 'up': 'red_car_turn_right', 'priority_ruling': 'triangles_horizontal'}","[['red', 'crosswalk'], ['white']]",[0 1 0 1],"[[2, 2, 4, 0, 3], [1, 3, 0, 2, 4], [2, 4, 2, 3, 0], [1, 0, 3, 4, 2]]"
247,"{'right': 'crosswalk', 'down': 'green_car_straight', 'left': 'red_car_straight', 'up': 'empty', 'priority_ruling': 'triangles_horizontal'}","[['crosswalk', 'green'], ['red']]",[1 1 0 0],"[[2, 3, 2, 4, 2], [1, 2, 4, 3, 2], [2, 2, 3, 2, 4], [1, 4, 2, 2, 3]]"
248,"{'right': 'white_car_turn_left', 'down': 'red_car_turn_left', 'left': 'empty', 'up': 'green_car_turn_left', 'priority_ruling': 'stop_horizontal'}","[['red', 'green'], ['white']]",[0 1 0 1],"[[2, 1, 4, 1, 1], [1, 1, 1, 1, 4], [2, 4, 1, 1, 1], [1, 1, 1, 4, 1]]"
249,"{'right': 'red_car_turn_left', 'down': 'crosswalk', 'left': 'green_car_turn_left', 'up': 'empty', 'priority_ruling': 'triangles_vertical'}","[['crosswalk', 'green'], ['red']]",[0 1 1 0],"[[1, 1, 1, 4, 3], [2, 3, 4, 1, 1], [1, 1, 1, 3, 4], [2, 4, 3, 1, 1]]"
250,"{'right': 'white_car_turn_right', 'down': 'green_car_turn_right', 'left': 'red_car_turn_right', 'up': 'empty', 'priority_ruling': 'stop_horizontal'}","[['white', 'green', 'red']]",[1 1 1 0],"[[2, 0, 0, 4, 0], [1, 0, 4, 0, 0], [2, 0, 0, 0, 4], [1, 4, 0, 0, 0]]"
251,"{'right': 'empty', 'down': 'empty', 'left': 'green_car_turn_left', 'up': 'white_car_straight', 'priority_ruling': 'triangles_horizontal'}","[['white'], ['green']]",[0 0 0 1],"[[2, 4, 1, 2, 4], [1, 4, 2, 4, 1], [2, 1, 4, 4, 2], [1, 2, 4, 1, 4]]"
252,"{'right': 'crosswalk', 'down': 'green_car_straight', 'left': 'red_car_straight', 'up': 'empty', 'priority_ruling': 'stop_horizontal'}","[['crosswalk', 'green'], ['red']]",[1 1 0 0],"[[2, 3, 2, 4, 2], [1, 2, 4, 3, 2], [2, 2, 3, 2, 4], [1, 4, 2, 2, 3]]"
253,"{'right': 'empty', 'down': 'white_car_turn_right', 'left': 'empty', 'up': 'green_car_straight', 'priority_ruling': 'stop_horizontal'}","[['white', 'green']]",[0 1 0 1],"[[2, 4, 4, 2, 0], [1, 0, 2, 4, 4], [2, 4, 4, 0, 2], [1, 2, 0, 4, 4]]"
254,"{'right': 'green_car_turn_right', 'down': 'white_car_straight', 'left': 'empty', 'up': 'crosswalk', 'priority_ruling': 'triangles_horizontal'}","[['crosswalk'], ['white'], ['green']]",[0 0 0 1],"[[2, 0, 4, 3, 2], [1, 2, 3, 0, 4], [2, 4, 0, 2, 3], [1, 3, 2, 4, 0]]"
255,"{'right': 'red_car_straight', 'down': 'green_car_straight', 'left': 'white_car_straight', 'up': 'empty', 'priority_ruling': 'none_no'}","[['red'], ['green'], ['white']]",[1 0 0 0],"[[0, 2, 2, 4, 2], [0, 2, 4, 2, 2], [0, 2, 2, 2, 4], [0, 4, 2, 2, 2]]"
256,"{'right': 'white_car_straight', 'down': 'red_car_turn_right', 'left': 'empty', 'up': 'green_car_turn_left', 'priority_ruling': 'triangles_horizontal'}","[['red'], ['green'], ['white']]",[0 1 0 0],"[[2, 2, 4, 1, 0], [1, 0, 1, 2, 4], [2, 4, 2, 0, 1], [1, 1, 0, 4, 2]]"
257,"{'right': 'red_car_turn_right', 'down': 'white_car_straight', 'left': 'crosswalk', 'up': 'green_car_turn_right', 'priority_ruling': 'stop_vertical'}","[['red', 'crosswalk'], ['white', 'green']]",[1 0 1 0],"[[1, 0, 3, 0, 2], [2, 2, 0, 0, 3], [1, 3, 0, 2, 0], [2, 0, 2, 3, 0]]"
258,"{'right': 'red_car_turn_right', 'down': 'empty', 'left': 'white_car_turn_right', 'up': 'crosswalk', 'priority_ruling': 'stop_vertical'}","[['crosswalk', 'white'], ['red']]",[0 0 1 1],"[[1, 0, 0, 3, 4], [2, 4, 3, 0, 0], [1, 0, 0, 4, 3], [2, 3, 4, 0, 0]]"
259,"{'right': 'crosswalk', 'down': 'green_car_turn_left', 'left': 'empty', 'up': 'red_car_turn_right', 'priority_ruling': 'triangles_vertical'}","[['red', 'crosswalk'], ['green']]",[1 0 0 1],"[[1, 3, 4, 0, 1], [2, 1, 0, 3, 4], [1, 4, 3, 1, 0], [2, 0, 1, 4, 3]]"
260,"{'right': 'empty', 'down': 'white_car_turn_left', 'left': 'empty', 'up': 'crosswalk', 'priority_ruling': 'stop_vertical'}","[['white', 'crosswalk']]",[0 1 0 1],"[[1, 4, 4, 3, 1], [2, 1, 3, 4, 4], [1, 4, 4, 1, 3], [2, 3, 1, 4, 4]]"
261,"{'right': 'white_car_turn_right', 'down': 'green_car_turn_left', 'left': 'red_car_turn_right', 'up': 'crosswalk', 'priority_ruling': 'none_no'}","[['crosswalk', 'red'], ['white'], ['green']]",[0 0 1 1],"[[0, 0, 0, 3, 1], [0, 1, 3, 0, 0], [0, 0, 0, 1, 3], [0, 3, 1, 0, 0]]"
262,"{'right': 'crosswalk', 'down': 'empty', 'left': 'white_car_turn_right', 'up': 'green_car_turn_right', 'priority_ruling': 'stop_horizontal'}","[['crosswalk', 'white', 'green']]",[1 0 1 1],"[[2, 3, 0, 0, 4], [1, 4, 0, 3, 0], [2, 0, 3, 4, 0], [1, 0, 4, 0, 3]]"
263,"{'right': 'red_car_turn_right', 'down': 'white_car_turn_left', 'left': 'crosswalk', 'up': 'empty', 'priority_ruling': 'none_no'}","[['red', 'crosswalk'], ['white']]",[1 0 1 0],"[[0, 0, 3, 4, 1], [0, 1, 4, 0, 3], [0, 3, 0, 1, 4], [0, 4, 1, 3, 0]]"
264,"{'right': 'crosswalk', 'down': 'red_car_turn_left', 'left': 'empty', 'up': 'white_car_turn_left', 'priority_ruling': 'stop_vertical'}","[['crosswalk', 'red'], ['white']]",[1 1 0 0],"[[1, 3, 4, 1, 1], [2, 1, 1, 3, 4], [1, 4, 3, 1, 1], [2, 1, 1, 4, 3]]"
265,"{'right': 'empty', 'down': 'red_car_turn_right', 'left': 'white_car_straight', 'up': 'empty', 'priority_ruling': 'none_no'}","[['red'], ['white']]",[0 1 0 0],"[[0, 4, 2, 4, 0], [0, 0, 4, 4, 2], [0, 2, 4, 0, 4], [0, 4, 0, 2, 4]]"
266,"{'right': 'empty', 'down': 'green_car_turn_right', 'left': 'red_car_straight', 'up': 'white_car_turn_right', 'priority_ruling': 'stop_vertical'}","[['red', 'white'], ['green']]",[0 0 1 1],"[[1, 4, 2, 0, 0], [2, 0, 0, 4, 2], [1, 2, 4, 0, 0], [2, 0, 0, 2, 4]]"
267,"{'right': 'white_car_turn_left', 'down': 'empty', 'left': 'crosswalk', 'up': 'empty', 'priority_ruling': 'stop_horizontal'}","[['white', 'crosswalk']]",[1 0 1 0],"[[2, 1, 3, 4, 4], [1, 4, 4, 1, 3], [2, 3, 1, 4, 4], [1, 4, 4, 3, 1]]"
268,"{'right': 'empty', 'down': 'white_car_straight', 'left': 'green_car_turn_left', 'up': 'crosswalk', 'priority_ruling': 'none_no'}","[['crosswalk'], ['white'], ['green']]",[0 0 0 1],"[[0, 4, 1, 3, 2], [0, 2, 3, 4, 1], [0, 1, 4, 2, 3], [0, 3, 2, 1, 4]]"
269,"{'right': 'white_car_turn_right', 'down': 'red_car_straight', 'left': 'empty', 'up': 'empty', 'priority_ruling': 'stop_horizontal'}","[['red'], ['white']]",[0 1 0 0],"[[2, 0, 4, 4, 2], [1, 2, 4, 0, 4], [2, 4, 0, 2, 4], [1, 4, 2, 4, 0]]"
270,"{'right': 'red_car_straight', 'down': 'empty', 'left': 'crosswalk', 'up': 'empty', 'priority_ruling': 'triangles_vertical'}","[['crosswalk'], ['red']]",[0 0 1 0],"[[1, 2, 3, 4, 4], [2, 4, 4, 2, 3], [1, 3, 2, 4, 4], [2, 4, 4, 3, 2]]"
271,"{'right': 'red_car_straight', 'down': 'empty', 'left': 'empty', 'up': 'white_car_turn_right', 'priority_ruling': 'none_no'}","[['white'], ['red']]",[0 0 0 1],"[[0, 2, 4, 0, 4], [0, 4, 0, 2, 4], [0, 4, 2, 4, 0], [0, 0, 4, 4, 2]]"
272,"{'right': 'white_car_turn_left', 'down': 'crosswalk', 'left': 'red_car_turn_right', 'up': 'green_car_turn_right', 'priority_ruling': 'triangles_horizontal'}","[['green', 'crosswalk'], ['red'], ['white']]",[0 1 0 1],"[[2, 1, 0, 0, 3], [1, 3, 0, 1, 0], [2, 0, 1, 3, 0], [1, 0, 3, 0, 1]]"
273,"{'right': 'white_car_turn_right', 'down': 'empty', 'left': 'empty', 'up': 'crosswalk', 'priority_ruling': 'triangles_horizontal'}","[['crosswalk'], ['white']]",[0 0 0 1],"[[2, 0, 4, 3, 4], [1, 4, 3, 0, 4], [2, 4, 0, 4, 3], [1, 3, 4, 4, 0]]"
274,"{'right': 'empty', 'down': 'white_car_turn_left', 'left': 'green_car_turn_left', 'up': 'red_car_straight', 'priority_ruling': 'stop_vertical'}","[['green'], ['red'], ['white']]",[0 0 1 0],"[[1, 4, 1, 2, 1], [2, 1, 2, 4, 1], [1, 1, 4, 1, 2], [2, 2, 1, 1, 4]]"
275,"{'right': 'empty', 'down': 'crosswalk', 'left': 'red_car_straight', 'up': 'white_car_straight', 'priority_ruling': 'triangles_vertical'}","[['crosswalk', 'red'], ['white']]",[0 1 1 0],"[[1, 4, 2, 2, 3], [2, 3, 2, 4, 2], [1, 2, 4, 3, 2], [2, 2, 3, 2, 4]]"
276,"{'right': 'crosswalk', 'down': 'empty', 'left': 'red_car_straight', 'up': 'white_car_straight', 'priority_ruling': 'triangles_vertical'}","[['crosswalk'], ['red'], ['white']]",[1 0 0 0],"[[1, 3, 2, 2, 4], [2, 4, 2, 3, 2], [1, 2, 3, 4, 2], [2, 2, 4, 2, 3]]"
277,"{'right': 'white_car_turn_left', 'down': 'red_car_straight', 'left': 'green_car_turn_left', 'up': 'empty', 'priority_ruling': 'stop_vertical'}","[['green', 'white'], ['red']]",[1 0 1 0],"[[1, 1, 1, 4, 2], [2, 2, 4, 1, 1], [1, 1, 1, 2, 4], [2, 4, 2, 1, 1]]"
278,"{'right': 'green_car_turn_right', 'down': 'crosswalk', 'left': 'white_car_straight', 'up': 'empty', 'priority_ruling': 'stop_horizontal'}","[['green', 'crosswalk', 'white']]",[1 1 1 0],"[[2, 0, 2, 4, 3], [1, 3, 4, 0, 2], [2, 2, 0, 3, 4], [1, 4, 3, 2, 0]]"
279,"{'right': 'white_car_straight', 'down': 'empty', 'left': 'crosswalk', 'up': 'green_car_turn_right', 'priority_ruling': 'none_no'}","[['crosswalk'], ['green'], ['white']]",[0 0 1 0],"[[0, 2, 3, 0, 4], [0, 4, 0, 2, 3], [0, 3, 2, 4, 0], [0, 0, 4, 3, 2]]"
280,"{'right': 'crosswalk', 'down': 'white_car_straight', 'left': 'red_car_turn_right', 'up': 'green_car_turn_left', 'priority_ruling': 'none_no'}","[['crosswalk', 'white', 'red'], ['green']]",[1 1 1 0],"[[0, 3, 0, 1, 2], [0, 2, 1, 3, 0], [0, 0, 3, 2, 1], [0, 1, 2, 0, 3]]"
281,"{'right': 'green_car_turn_right', 'down': 'empty', 'left': 'white_car_straight', 'up': 'red_car_turn_left', 'priority_ruling': 'stop_horizontal'}","[['red', 'green'], ['white']]",[1 0 0 1],"[[2, 0, 2, 1, 4], [1, 4, 1, 0, 2], [2, 2, 0, 4, 1], [1, 1, 4, 2, 0]]"
282,"{'right': 'white_car_turn_right', 'down': 'empty', 'left': 'crosswalk', 'up': 'empty', 'priority_ruling': 'stop_vertical'}","[['white', 'crosswalk']]",[1 0 1 0],"[[1, 0, 3, 4, 4], [2, 4, 4, 0, 3], [1, 3, 0, 4, 4], [2, 4, 4, 3, 0]]"
283,"{'right': 'green_car_straight', 'down': 'empty', 'left': 'red_car_straight', 'up': 'empty', 'priority_ruling': 'triangles_vertical'}","[['green', 'red']]",[1 0 1 0],"[[1, 2, 2, 4, 4], [2, 4, 4, 2, 2], [1, 2, 2, 4, 4], [2, 4, 4, 2, 2]]"
284,"{'right': 'white_car_turn_left', 'down': 'crosswalk', 'left': 'green_car_turn_right', 'up': 'red_car_turn_right', 'priority_ruling': 'none_no'}","[['red', 'crosswalk'], ['green'], ['white']]",[0 1 0 1],"[[0, 1, 0, 0, 3], [0, 3, 0, 1, 0], [0, 0, 1, 3, 0], [0, 0, 3, 0, 1]]"
285,"{'right': 'green_car_turn_left', 'down': 'empty', 'left': 'empty', 'up': 'red_car_straight', 'priority_ruling': 'stop_vertical'}","[['green'], ['red']]",[1 0 0 0],"[[1, 1, 4, 2, 4], [2, 4, 2, 1, 4], [1, 4, 1, 4, 2], [2, 2, 4, 4, 1]]"
286,"{'right': 'green_car_turn_left', 'down': 'crosswalk', 'left': 'red_car_straight', 'up': 'empty', 'priority_ruling': 'none_no'}","[['crosswalk', 'red'], ['green']]",[0 1 1 0],"[[0, 1, 2, 4, 3], [0, 3, 4, 1, 2], [0, 2, 1, 3, 4], [0, 4, 3, 2, 1]]"
287,"{'right': 'red_car_turn_right', 'down': 'crosswalk', 'left': 'empty', 'up': 'empty', 'priority_ruling': 'triangles_horizontal'}","[['red', 'crosswalk']]",[1 1 0 0],"[[2, 0, 4, 4, 3], [1, 3, 4, 0, 4], [2, 4, 0, 3, 4], [1, 4, 3, 4, 0]]"
288,"{'right': 'red_car_turn_right', 'down': 'crosswalk', 'left': 'white_car_turn_left', 'up': 'empty', 'priority_ruling': 'stop_horizontal'}","[['red', 'crosswalk'], ['white']]",[1 1 0 0],"[[2, 0, 1, 4, 3], [1, 3, 4, 0, 1], [2, 1, 0, 3, 4], [1, 4, 3, 1, 0]]"
289,"{'right': 'green_car_straight', 'down': 'crosswalk', 'left': 'empty', 'up': 'white_car_turn_right', 'priority_ruling': 'triangles_vertical'}","[['green', 'crosswalk'], ['white']]",[1 1 0 0],"[[1, 2, 4, 0, 3], [2, 3, 0, 2, 4], [1, 4, 2, 3, 0], [2, 0, 3, 4, 2]]"
290,"{'right': 'empty', 'down': 'empty', 'left': 'red_car_turn_right', 'up': 'white_car_straight', 'priority_ruling': 'none_no'}","[['red'], ['white']]",[0 0 1 0],"[[0, 4, 0, 2, 4], [0, 4, 2, 4, 0], [0, 0, 4, 4, 2], [0, 2, 4, 0, 4]]"
291,"{'right': 'crosswalk', 'down': 'white_car_straight', 'left': 'red_car_straight', 'up': 'green_car_straight', 'priority_ruling': 'triangles_vertical'}","[['crosswalk'], ['red'], ['white', 'green']]",[1 0 0 0],"[[1, 3, 2, 2, 2], [2, 2, 2, 3, 2], [1, 2, 3, 2, 2], [2, 2, 2, 2, 3]]"
292,"{'right': 'green_car_straight', 'down': 'white_car_turn_right', 'left': 'crosswalk', 'up': 'empty', 'priority_ruling': 'none_no'}","[['crosswalk', 'white'], ['green']]",[0 1 1 0],"[[0, 2, 3, 4, 0], [0, 0, 4, 2, 3], [0, 3, 2, 0, 4], [0, 4, 0, 3, 2]]"
293,"{'right': 'green_car_turn_right', 'down': 'crosswalk', 'left': 'empty', 'up': 'white_car_turn_left', 'priority_ruling': 'triangles_horizontal'}","[['green', 'crosswalk', 'white']]",[1 1 0 1],"[[2, 0, 4, 1, 3], [1, 3, 1, 0, 4], [2, 4, 0, 3, 1], [1, 1, 3, 4, 0]]"
294,"{'right': 'empty', 'down': 'white_car_straight', 'left': 'empty', 'up': 'green_car_straight', 'priority_ruling': 'stop_horizontal'}","[['white', 'green']]",[0 1 0 1],"[[2, 4, 4, 2, 2], [1, 2, 2, 4, 4], [2, 4, 4, 2, 2], [1, 2, 2, 4, 4]]"
295,"{'right': 'empty', 'down': 'white_car_straight', 'left': 'crosswalk', 'up': 'red_car_straight', 'priority_ruling': 'triangles_vertical'}","[['white', 'crosswalk', 'red']]",[0 1 1 1],"[[1, 4, 3, 2, 2], [2, 2, 2, 4, 3], [1, 3, 4, 2, 2], [2, 2, 2, 3, 4]]"
296,"{'right': 'red_car_turn_right', 'down': 'white_car_turn_left', 'left': 'empty', 'up': 'empty', 'priority_ruling': 'stop_vertical'}","[['red'], ['white']]",[1 0 0 0],"[[1, 0, 4, 4, 1], [2, 1, 4, 0, 4], [1, 4, 0, 1, 4], [2, 4, 1, 4, 0]]"
297,"{'right': 'green_car_turn_left', 'down': 'red_car_turn_right', 'left': 'empty', 'up': 'white_car_straight', 'priority_ruling': 'stop_horizontal'}","[['white', 'red'], ['green']]",[0 1 0 1],"[[2, 1, 4, 2, 0], [1, 0, 2, 1, 4], [2, 4, 1, 0, 2], [1, 2, 0, 4, 1]]"
298,"{'right': 'green_car_straight', 'down': 'crosswalk', 'left': 'red_car_straight', 'up': 'empty', 'priority_ruling': 'triangles_vertical'}","[['green', 'crosswalk', 'red']]",[1 1 1 0],"[[1, 2, 2, 4, 3], [2, 3, 4, 2, 2], [1, 2, 2, 3, 4], [2, 4, 3, 2, 2]]"
299,"{'right': 'green_car_turn_right', 'down': 'empty', 'left': 'red_car_turn_right', 'up': 'white_car_straight', 'priority_ruling': 'none_no'}","[['red', 'green'], ['white']]",[1 0 1 0],"[[0, 0, 0, 2, 4], [0, 4, 2, 0, 0], [0, 0, 0, 4, 2], [0, 2, 4, 0, 0]]"
